distinct_event_days,total_reports,event_dates,street_names,sample_address,ward_names,district_names,water_level_min,water_level_max,water_level_avg,flagged_is_frequent_count,centroid_lat,centroid_lng
5,6,2024-08-26;2024-08-27;2025-06-12;2025-06-17;2026-08-04,15 Đường Quang Trung | Quận Hải Châu | Trần Phú,"09 Quang Trung, 09 Quang Trung, Hải Châu, Đà Nẵng 550000, Vietnam",Phường Hải Châu | Phường Hải Châu 1 | Phường Hải Châu I,Phường Hải Châu | Quận Hải Châu,10.0,22.0,12.0,0,16.075051,108.222198
5,6,2024-10-11;2024-11-04;2024-11-05;2025-10-27;2025-10-29,Phần Lăng 1 | Quận Hải Châu,"145 nguyễn hữu dật, Phường Hòa Cường Bắc, Quận Hải Châu",Phường Hòa Cường Bắc | Phường Hòa Thuận Tây | Phường Phước Mỹ,Quận Hải Châu,10.0,160.0,49.2,2,16.054171,108.188345
5,5,2024-10-23;2024-10-26;2024-11-02;2024-11-04;2025-10-21,24 Đường Trần Phú | Sạn Novotel Premier | Trần Phú,"24 Trần Phú, Thạch Thang, Hải Châu, Đà Nẵng 550000, Việt Nam",Phường Thạch Thang,Quận Hải Châu,10.0,20.0,12.0,1,16.077081,108.223023
4,13,2022-10-14;2024-10-10;2024-10-11;2024-10-23,"2 Đường Lý Thái Tổ (Duong Ly Thai To) | 9 Đường Lý Thái Tổ | K47 đường Lý Thái Tổ; tổ 09; phường Thạc Gián (Từ K47/1 đến K47/13, đường Lý Thái Tổ) | Kiệt 16, Đường Lý Thái Tổ, tổ 06,7; phường Thạc Gián (Từ số nhà 16/2 đến số nhà 16/30, đường Lý Thái Tổ) | Kiệt 293 Hùng Vương, tổ 11 P.Vĩnh Trung (150 mét) | Kiệt 325 Hùng Vương, tổ 11 P.Vĩnh Trung (Toàn bộ kiệt) | Kiệt 325 Hùng Vương, tổ 18, 19, 24 P.Vĩnh Trung (K325/2 - K325/80 Hùng Vương) | Kiệt 36, Đường Lý Thái Tổ, tổ 06; phường Thạc Gián (Từ số nhà 36/2 đến số nhà 36/14, đường Lý Thái Tổ) | Kiệt 54, Đường Lý Thái Tổ, tổ 05, phường Thạc Gián (Từ số nhà 54/2 đến số nhà 54/26, đường Lý Thái Tổ) | Kiệt 69, Đường Lý Thái Tổ, tổ 03, phường Thạc Gián (Từ số nhà 69/1 đến số nhà 69/44, đường Lý Thái Tổ) | Tuyến đường Lý Thái Tổ; tổ 09; phường Thạc Gián (Từ số nhà 01 đến số nhà 47, đường Lý Thái Tổ) | Đường Hàm Nghi; tổ 10,11,30,32,33, phường Thạc Gián, quận Thanh Khê (Từ số nhà 02 đến số nhà 150, đường Hàm Nghi) | Đường Phan Thanh 2 Phường Thạc Gián","02 Hàm Nghi, Phường Thạc Gián, Quận Thanh Khê, Thành phố Đà Nẵng",Phường Thạc Gián | Phường Vĩnh Trung,Quận Thanh Khê,10.0,120.0,64.6,1,16.066432,108.209833
4,4,2024-10-09;2024-10-11;2024-11-02;2024-12-26,100 Đường Trần Phú | 50 Đường Trần Phú,"100 Đường Trần Phú, Phường Hải Châu 1, 50206 Quận Hải Châu",Phường Hải Châu 1 | Phường Hải Châu I,Quận Hải Châu,10.0,101.0,46.5,0,16.06907,108.22398
3,8,2022-10-14;2024-11-04;2024-11-05,Ngã tư Bắc Sơn – Trần Văn Ơn (Khu vực giao nhau Bắc Sơn và Trần Văn Ơn) | Ngã tư Trần Văn Ơn – Bắc Sơn (Khu vực giao nhau Trần Văn Ơn và Bắc Sơn) | Ngã tư Trần Văn Ơn – Vũ Trọng Hoàng (Khu vực giao nhau Trần Văn Ơn và Vũ Trọng Hoàng) | Trần Văn Ơn | Đường Hoà An 1 (Từ số nhà 09 đến số nhà 35) | Đường Trần Văn Ơn (Từ số nhà 71 đến số nhà 133) | Đường Yên Thế | Đường Yên Thế (Từ số nhà 73 đến số nhà 165),"27 Trần Văn Ơn, Hoà An, Cẩm Lệ, Đà Nẵng 550000, Việt Nam",Phường Hòa An,Quận Cẩm Lệ,25.0,250.0,96.9,1,16.054638,108.176766
3,5,2022-10-14;2024-10-23;2024-12-26,40 Đường Trần Phú | Bach Dang Street Da Nang DAD | Bạch Đằng | Đường Lê Duẩn (Từ số nhà 65 đến số nhà 183),"1 Lê Duẩn, Hải Châu 3, Quận Hải Châu, Thành phố Đà Nẵng",Phường Hải Châu I,Quận Hải Châu,14.0,99.0,59.6,0,16.071757,108.224725
3,5,2022-10-14;2024-11-04;2024-11-05,"Bàu Làng | Kiệt 778 Trần Cao Vân, tổ 29, 30 P.Thanh Khê Đông (số nhà 2 - 22) | Kỳ Đồng | Trần Cao Vân, tổ 16, 17, 18, 20, 29, 30 p.Thanh Khê Đông (số nhà 665 đến số nhà 767)","204 Kỳ Đồng, Thanh Khê Đông, Thanh Khê, Đà Nẵng, Việt Nam",Phường Thanh Khê Đông | Phường Xuân Hà,Quận Thanh Khê,10.0,150.0,49.0,1,16.070435,108.185778
3,5,2022-10-14;2024-11-04;2024-11-05,"Huỳnh Ngọc Huệ | Trần Xuân Lê | Đường Lý Triện, Tổ 78 P.An Khê (Từ số 110 Lý Triện đến số nhà 135 Lý Triện) | Đường Nguyễn Phước Thái, Tổ 80 P.An Khê (Từ số nhà 01 Nguyễn Phước Thái đến số nhà 68 Nguyễn Phước Thái)","1 Nguyễn Phước Thái, Tổ 80, Phường An Khê, Quận Thanh Khê, Thành phố Đà Nẵng",Phường Hòa Khê,Quận Thanh Khê,5.0,170.0,81.0,0,16.061159,108.185345
2,24,2022-10-14;2024-11-04,"Hàm Nghi, tổ 36 P.Vĩnh Trung (số 87 - 165 Hàm Nghi) | K01 Quang Dũng, Tổ 22 P.Vĩnh Trung (K01/1 - K01/39 Quang Dũng) | Kiệt 01 Tô Ngọc Vân, tổ 35 P.Vĩnh Trung (số nhà 01 - 63) | Kiệt 01 Đỗ Quang, tổ 23 P.Vĩnh Trung (K01/1 - K01/39 Đỗ Quang) | Kiệt 05 Tô Ngọc Vân, tổ 36 P.Vĩnh Trung (số nhà 02 - 56) | Kiệt 122,Đường Phan Thanh; tổ 35,36; phường Thạc Gián (Từ K122 đến K122/H27/40, đường Phan Thanh) | Kiệt 138,Đường Phan Thanh; tổ 34,35; phường Thạc Gián (Từ K138/1 đến K138/21, đường Nguyễn Văn Linh) | Kiệt 142,Đường Hàm Nghi; phường Thạc Gián (Kiệt 142, đường Nguyễn Văn Linh) | Kiệt 152,Đường Phan Thanh; tổ 37; phường Thạc Gián (Từ K152/1 đến K152/11, đường Phan Thanh) | Kiệt 169 Đường Hàm Nghi, tổ 30, phường Thạc Gián (Từ số nhà 169/8/1 đến số nhà 169/8/31, đường Hàm Nghi) | Kiệt 169,Đường Phan Thanh; tổ 30,31; phường Thạc Gián (Từ K169/2 đến K169/24, đường Phan Thanh) | Kiệt 183,Đường Phan Thanh; tổ 31,32; phường Thạc Gián (Từ K183 đến K183/31, đường Phan Thanh) | Kiệt 2 Văn Cao, tổ 21, 20 P.Vĩnh Trung (K02/2-K02/16 Văn Cao) | Kiệt 65 Hàm Nghi, Tổ 20 P.Vĩnh Trung (K65/01 - K65/15 Ham Nghi) | Kiệt 72 Đường Hàm Nghi, tổ 30,phường Thạc Gián (Từ số nhà 72/1 đến số nhà 72/7, đường Hàm Nghi) | Ngã tư Lê Đình Lý – Nguyễn Văn Linh; phường Thạc Gián (271 Nguyễn Văn Linh - 04 Lê Đình Lý) | Tuyến đường Phan Thanh, tổ 14,15,16,17,18,19,20,21,22,25,28,31,33,34,35,37 Thạc Gián (Từ số nhà 01 đến số nhà 169, đường Phan Thanh) | Tuyến đường Tản Đà, tổ 13, 22, 25 Thạc Gián (Từ số nhà 01 đến số nhà 93, đường Tản Đà) | Tuyến đường Văn Cao; tổ 13; phường Thạc Gián (Từ số nhà 26 đến số nhà 62, đường Văn Cao) | Tản Đà | Đường Hàm Nghi | Đường Nguyễn Văn Linh; tổ 33,37,38; phường Thạc Gián (Từ số nhà 220 đến số nhà 350, đường Nguyễn Văn Linh) | Đường Đặng Thai Mai, tổ 33, phường Thạc Gián (Từ số nhà 10 đến số nhà 56, đường Đặng Thai Mai) | Đỗ Quang, tổ 34 P.Vĩnh Trung (số 02 - 66 Đỗ Quang)","02 Đỗ Quang, Phường Vĩnh Trung, Quận Thanh Khê, Thành phố Đà Nẵng",Phường Thạc Gián | Phường Vĩnh Trung,Quận Thanh Khê,15.0,150.0,93.1,1,16.061954,108.210494
2,7,2022-10-14;2024-11-04,Đường Bắc Sơn (Từ số nhà 02 đến số nhà 96) | Đường Hoà An 8 (Từ số nhà 01 đến số nhà 41) | Đường Hoà An 8 (Từ số nhà 02 đến số nhà 48) | Đường Nguyễn Thái Bình (Toàn bộ tuyến đường) | Đường Tôn Đức Thắng (Từ số nhà 93 đến số nhà 159) | Đường Yên Thế (Từ số nhà 01 đến số nhà 73),"02 Bắc Sơn, Phường Hòa An, Quận Cẩm Lệ, Thành phố Đà Nẵng",Phường Hòa An | Phường Hòa Minh,Quận Cẩm Lệ | Quận Liên Chiểu,0.0,160.0,105.7,0,16.059092,108.175051
2,6,2022-10-14;2024-11-05,Lê Thanh Nghị | Lê Thanh Nghị - Phan Đăng Lưu (Đoạn ngã tư) | Lê Thị Hồng Gấm,"223 Lê Thanh Nghị, Hoà Cường Bắc, Hải Châu, Đà Nẵng, Việt Nam",Phường Hòa Cường Nam,Quận Hải Châu,10.0,50.0,19.2,1,16.035861,108.218057
2,6,2022-10-14;2024-10-11,"50 Đường Hoàng Hoa Thám | Hoàng Hoa Thám, Tổ 17 P.Tân Chính (40 - 86 Hoàng Hoa Thám) | Hải Phòng, Tổ 01 P.Tân Chính (277 - 239 Hải Phòng) | Kiệt 20 Hoàng Hoa Thám (K20/1 - K20/67 Hoàng Hoa Thám) | Kiệt 88, Đường Hoàng Hoa Thám, tổ 07; phường Thạc Gián (Từ số nhà 88/1 đến số nhà 88/39, đường Hoàng Hoa Thám) | Lê Duẩn, tổ 20, 21, 22, 23, 24 P.Tân Chính (320 - 402 Lê Duẩn)","22 Hoàng Hoa Thám, Tân Chính, Thanh Khê, Đà Nẵng, Việt Nam",Phường Tam Thuận | Phường Tân Chính | Phường Vĩnh Trung,Quận Thanh Khê,10.0,100.0,45.0,0,16.069332,108.209716
2,5,2022-10-14;2025-10-20,Đường Cầm Bá Thước (Toàn bộ tuyến đường) | Đường Nguyễn Quang Bích (Toàn bộ tuyến đường) | Đường Nguyễn Xuân Ôn (Toàn bộ tuyến đường),"1 Cầm Bá Thước, Phường Hòa Cường Bắc, Quận Hải Châu, Thành phố Đà Nẵng",Phường Hòa Cường Bắc,Phường Hòa Cường | Quận Hải Châu,10.0,100.0,52.0,0,16.042987,108.212774
2,5,2022-10-14;2024-11-05,"Hà Huy Tập | Đường Cần Guộc Tổ 81; 82; 87; 90, An Khê (Từ số nhà 27 đến số nhà 239 Cần giuộc) | Đường Nguyễn Khang Tổ 87, P.An Khê (Từ số 02 đến 144 Nguyễn Khang) | Đường Nguyễn Đình Tựu, Tổ 55 P.An Khê (Từ số nhà 180 đến 346 Nguyễn Đình Tựu)","180 Nguyễn Đình Tựu, Phường An Khê, Quận Thanh Khê, Thành phố Đà Nẵng",Phường Hòa Khê,Quận Thanh Khê,10.0,150.0,64.0,0,16.05858,108.184255
2,4,2022-10-14;2024-10-23,"Kiệt 179 Nguyễn Văn Linh (Toàn bộ kiệt) | Nguyễn Văn Linh | Nguyễn Văn Linh, tổ 32 P.Vĩnh Trung (số 150 - 218 Nguyễn Văn Linh) | Đường Nguyễn Văn Linh (Từ số nhà 155 đến số nhà 197)","148 Nguyễn Văn Linh, Nam Dương, Hải Châu, Đà Nẵng, Việt Nam",Phường Nam Dương | Phường Vĩnh Trung,Quận Hải Châu | Quận Thanh Khê,40.0,90.0,65.0,0,16.060362,108.214005
2,3,2024-11-05;2024-12-30,67 Đường Tố Hữu | 68 Đường Tố Hữu | Lê Thanh Nghị,"265 Lê Thanh Nghị, Hoà Cường Nam, Hải Châu, Đà Nẵng, Việt Nam",Phường Hòa Cường Nam,Quận Hải Châu,10.0,10.0,10.0,1,16.034478,108.219218
2,3,2022-10-14;2024-11-04,Ngã tư Lê Thạch – Cao Sơn Pháo (Khu vực giao nhau Lê Thạch - Cao Sơn Pháo) | Đường Nam Trân (Toàn bộ tuyến đường) | Đường Tôn Đức Thắng Phường Hòa Minh,"1 Nam Trân, Phường Hòa Minh, Quận Liên Chiểu, Thành phố Đà Nẵng",Phường Hòa Minh | Đường Tôn Đức Thắng Phường Hòa Minh,Quận Liên Chiểu,20.0,100.0,53.3,0,16.057221,108.172134
2,3,2022-10-14;2024-11-04,Đường Hải Hồ | Đường Hải Sơn (Từ số nhà 02 đến số nhà 120) | Đường Lương Ngọc Quyến (Từ ngã 3 Lương Ngọc Quyến - Hải Hồ đến ngã 3 Lương Ngọc Quyến - Đống Đa),"102 Đường Hải Hồ, Phường Thanh Bình, Quận Hải Châu, Đà Nẵng, Việt Nam",Phường Thanh Bình,Quận Hải Châu,10.0,50.0,36.7,1,16.081622,108.216037
2,3,2022-10-14;2024-11-04,Kiệt 640 Trưng Nữ Vương (Toàn bộ kiệt) | Kiệt 654 Trưng Nữ Vương (Toàn bộ kiệt) | Đường Trưng Nữ Vương,"489 Đường Trưng Nữ Vương, Phường Hòa Thuận Tây, Quận Hải Châu, Đà Nẵng, Việt Nam",Phường Hòa Cường Bắc | Phường Hòa Thuận Tây,Quận Hải Châu,10.0,100.0,70.0,1,16.04386,108.207734
2,3,2022-10-14;2024-10-11,20 Đường Lê Quý Đôn | Đường Lê Quý Đôn (Toàn bộ tuyến đường) | Đường Nguyễn Thiện Thuật (Toàn bộ tuyến đường),"1 Lê Quý Đôn, Phường Bình Thuận, Quận Hải Châu, Thành phố Đà Nẵng",Phường Bình Hiên | Phường Bình Thuận,Quận Hải Châu,50.0,55.0,51.7,1,16.055828,108.22107
2,2,2024-11-04;2026-08-02,Đống Đa,"218/8 Đống Đa, Thuận Phước, Hải Châu, Đà Nẵng 550000, Việt Nam",Phường Thanh Bình,Phường Hải Châu | Quận Hải Châu,10.0,10.0,10.0,0,16.078364,108.216795
2,2,2024-11-04;2025-07-05,Quận Liên Chiểu | Tô Hiệu,"237 Tô Hiệu, Hoà Minh, Liên Chiểu, Đà Nẵng 550000, Việt Nam",Phường Hòa Minh,Quận Liên Chiểu,50.0,60.0,55.0,2,16.06738,108.166799
2,2,2024-11-04;2025-06-10,Núi Thành | Quận Hải Châu,"26PF+M5 Quận Hải Châu, Thành Phố Đà Nẵng, Vietnam",Phường Hòa Cường Nam,Quận Hải Châu,10.0,25.0,17.5,2,16.036737,108.222882
2,2,2022-10-14;2025-06-12,"Ngã 3 Phạm Văn Nghị - Đào Duy Anh, phường Thạc Gián (3 Phạm Văn Nghị -21 Đào Đuy Anh)","1 Đ. Phạm Văn Nghị, Thạc Gián, Thanh Khê, Đà Nẵng 550000, Vietnam",Phường Thạc Gián,Quận Thanh Khê,10.0,70.0,40.0,0,16.05869,108.209048
2,2,2022-10-14;2025-06-11,Quận Sơn Trà | Đường Thành Vinh 3 (Toàn bộ đường),"1 Thành Vinh 3, Phường Thọ Quang, Quận Sơn Trà, Thành phố Đà Nẵng",Phường Thọ Quang,Quận Sơn Trà,13.0,40.0,26.5,1,16.104352,108.253997
2,2,2022-10-14;2024-12-26,Quang Trung - Đống Đa (Đoạn ngã 4),"2 Quang Trung, Phường Thạch Thang, 50207 Quận Hải Châu",Phường Thanh Bình,Quận Hải Châu,100.0,111.0,105.5,0,16.073419,108.213994
2,2,2024-11-04;2024-11-05,Trưng Nữ Vương,"664 Trưng Nữ Vương, Hòa Thuận Nam, Hải Châu, Đà Nẵng 550000, Việt Nam",Phường Hòa Thuận Tây,Quận Hải Châu,10.0,40.0,25.0,0,16.044318,108.206417
2,2,2024-11-04;2024-11-05,Đ. Ngô Thì Nhậm,"K74, 3 Đ. Ngô Thì Nhậm, Hoà Minh, Liên Chiểu, Đà Nẵng 550000, Việt Nam",Phường Hòa Minh,Quận Liên Chiểu,30.0,50.0,40.0,2,16.071259,108.156865
2,2,2022-10-14;2024-11-05,Ngô Tử Hạ | Đường Hoà An 2 (Từ số nhà 09 đến số nhà 35),"29 Ngô Tử Hạ, Hoà An, Cẩm Lệ, Đà Nẵng, Việt Nam",Phường Hòa An,Quận Cẩm Lệ,20.0,90.0,55.0,0,16.043478,108.178278
2,2,2022-10-14;2024-11-04,"Kiệt 818 Trần Cao Vân, tổ 20 P.Thanh Khê Đông (số nhà 02 - 60) | Trần Cao Vân","818 Đường Trần Cao Vân, Phường Thanh Khê Đông, Quận Thanh Khê, Đà Nẵng, Việt Nam",Phường Thanh Khê Đông,Quận Thanh Khê,30.0,150.0,90.0,0,16.069731,108.184158
2,2,2024-10-23;2024-10-24,Hẻm 45 Đường An Mỹ 08 (Hem 45 Duong An My 08),"Hẻm 45 Đường An Mỹ 08 (Hem 45 Duong An My 08), Phường An Hải Tây, 50406 Quận Sơn Trà",Phường An Hải Tây,Quận Sơn Trà,10.0,10.0,10.0,0,16.06394,108.23185
1,9,2022-10-14,"Hà Huy Tập, tổ 2, 3, 4, 5 P.Thanh Khê Đông (số nhà 42 - 120) | Kiêt 102 Hà Huy Tập, tổ 5.P Thanh Khê Đông (K102/2 - K102/34) | Kiệt 114 Hà Huy Tập, tổ 5 P.Thanh Khê Đông (K114/1 - K114/43) | Kiệt 378 Điện Biên Phủ, tổ 6 P.Thanh Khê Đông (K378 đến giáp số nhà K47/3 Ngô Gia Khảm) | Kiệt 58 Hà Huy Tập, tổ 2, 3 P.Thanh Khê Đông (K58/02 - K58/21) | Kiệt 90 Hà Huy Tập, tổ 4 P.Thanh Khê Đông (K90/3 - K90/23) | Ngô Gia Khảm, tổ 4, 6, 8 P.Thanh Khê Đông (số nhà 01 - 123) | Xuân Hòa 1, tổ 4 P.Thanh Khê Đông (số nhà 03 - 45) | Điện Biên Phủ, tổ 6, 7 P.Thanh Khê Đông (số nhà 356 đến số nhà 400)","03 Kiệt 90 Hà Huy Tập, Hòa Khê, Thanh Khê, Đà Nẵng 550000, Vietnam",Phường Chính Gián | Phường Thanh Khê Đông | Phường Xuân Hà,Quận Thanh Khê,40.0,150.0,78.9,0,16.067428,108.191291
1,9,2022-10-14,"Đường Dương Vân Nga (Từ số nhà 03 đến 69 Dương Vân Nga) | Đường Hoa Lư (Từ số nhà 57 đến 111 Hoa Lư) | Đường Nguyễn Hiền (Từ số nhà 45 đến 85, 87 đến 131 Nguyễn Hiền) | Đường Nguyễn Địa Lô (Từ số nhà 03 đến 49 Nguyễn Địa Lô) | Đường Nại Hiên Đông 2 (Từ số nhà 02 đến 50 Nại Hiên Đông 2) | Đường Nại Hiên Đông 4 (Từ số nhà 07 đến 45 Nại Hiên Đông 4) | Đường Nại Hiên Đông 5 (Từ số nhà 44 đến 82 Nại Hiên Đông 5) | Đường Nại Hiên Đông 6 (Từ số nhà 02 đến 48 Nại Hiên Đông 6) | Đường Trần Thánh Tông (Toàn bộ tuyến đường)","1 Trần Thánh Tông, Phường Nại Hiên Đông, Quận Sơn Trà, Thành phố Đà Nẵng",Phường Nại Hiên Đông,Quận Sơn Trà,50.0,80.0,53.3,0,16.093235,108.23418
1,8,2022-10-14,Ngã tư Trần Quang Phiệt - Vân Đồn () | Đường Bùi Dương Lịch (Từ số nhà 01 đến 81 Bùi Dương Lịch) | Đường Bùi Dương Lịch (Từ số nhà 107 đến 157 Bùi Dương Lịch) | Đường Nại Thịnh 1 (Từ số nhà 01 đến 27 Nại Thịnh 1) | Đường Nại Thịnh 2 (Từ số nhà 02 đến 38 Nại Thịnh 2) | Đường Nại Thịnh 3 (Từ số nhà 01 đến 45 Nại Thịnh 3) | Đường Nại Thịnh 4 (Từ số nhà 02 đến 32 Nại Thịnh 4) | Đường Vân Đồn (Từ số nhà 92 đến 110 Vân Đồn),"1 Bùi Dương Lịch, Phường Nại Hiên Đông, Quận Sơn Trà, Thành phố Đà Nẵng",Phường An Hải Bắc | Phường Nại Hiên Đông,Quận Sơn Trà,40.0,80.0,55.0,0,16.089143,108.234992
1,8,2022-10-14,Đường Bùi Hữu Nghĩa (Từ số nhà 64-164) | Đường Chính Hữu (Từ số nhà 199 đến 299) | Đường Hà Đặc (Từ số nhà 75 đến 135) | Đường Phước Mỹ 1 (Từ số nhà 01 đến 29) | Đường Phước Mỹ 2 (Từ số nhà 02 đến 26) | Đường Phước Mỹ 3 (Từ số nhà 01 đến 57) | Đường Phước Mỹ 4 (Toàn bộ tuyến đường) | Đường Phạm Tu (Từ số nhà 01 đến 26),"1 Phước Mỹ 1, Phường Phước Mỹ, Quận Sơn Trà, Thành phố Đà Nẵng",Phường An Hải Bắc | Phường An Hải Đông,Quận Sơn Trà,40.0,40.0,40.0,0,16.066496,108.241389
1,7,2022-10-14,"Bàu Hạc 01, tổ 16 P.Vĩnh Trung (100 mét) | Đường Bàu Hạc 01, tổ 26, 25, 27, 28 P.Vĩnh Trung (Toàn bộ tuyến đường) | Đường Bàu Hạc 02 tổ 26, 25, 27, 28 P.Vĩnh Trung (Toàn bộ tuyến đường) | Đường Bàu Hạc 03 tổ 26, 25, 27, 28 P.Vĩnh Trung (Toàn bộ tuyến đường) | Đường Bàu Hạc 04, 06, tổ 26, 25, 27, 28 P.Vĩnh Trung (Toàn bộ tuyến đường) | Đường Bàu Hạc 06, tổ 26, 25, 27, 28 P.Vĩnh Trung (Toàn bộ tuyến đường) | Đường Nguyễn Hoàng (Từ số nhà 04 đến số nhà 105)","1 Đường Bàu Hạt 6, Phường Vĩnh Trung, Quận Thanh Khê, Đà Nẵng, Việt Nam",Hải Châu 11 | Phường Vĩnh Trung | Vĩnh Trung,Hải Châu | Quận Thanh Khê,50.0,80.0,71.4,0,16.064184,108.214149
1,5,2022-10-14,"Đường Bùi Huy Bích (Từ số nhà 138 đến 192 Bùi Huy Bích) | Đường Hồ Hán Thương (Từ ngã tư Hồ Hán Thương - Khúc Hạo đến Lô 01, khu E3 Hồ Hán Thương) | Đường Nại Hiên Đông 10 (Từ số nhà 01 đến 21 Nại Hiên Đông 10) | Đường Nại Hiên Đông 8 (Từ số nhà 01 đến 25 Nại Hiên Đông 8) | Đường Nại Hiên Đông 9 (Từ số nhà 01 đến 27 Nại Hiên Đông 9)","1 Nại Hiên Đông 10, Phường Nại Hiên Đông, Quận Sơn Trà, Thành phố Đà Nẵng",Phường Nại Hiên Đông,Quận Sơn Trà,30.0,60.0,48.0,0,16.092611,108.230971
1,4,2022-10-14,"Thanh Huy 1, tổ 19, 20 P.Thanh Khê Đông (số nhà 01 - 39) | Thanh Huy 2, tổ 19 P.Thanh Khê Đông (số nhà 01 - 29) | Yên Khê 2, tổ 19 P.Thanh Khê Đông (số 233 - 261) | đường Yên Khê 1, tổ 28, Thanh Khê Tây (154 Yên Khê 1 đến 180 Yên Khê 1)","01 Thanh Huy, Phường Thanh Khê Đông, Quận Thanh Khê, Thành phố Đà Nẵng",Phường Thanh Khê Đông,Quận Thanh Khê,50.0,100.0,87.5,0,16.069211,108.182418
1,4,2022-10-14,"Đường Khúc Hạo (Từ số nhà 213 đến 259 Khúc Hạo) | Đường Ngô Trí Hòa (Từ số nhà 01 đến 43, 45 đến 101 Ngô Trí Hòa) | Đường Ngô Trí Hòa (Từ số nhà 101 đến 171 Ngô Trí Hòa)","1 Ngô Trí Hòa, Phường Nại Hiên Đông, Quận Sơn Trà, Thành phố Đà Nẵng",Phường Nại Hiên Đông,Quận Sơn Trà,50.0,80.0,57.5,0,16.091517,108.233284
1,4,2022-10-14,Đường Bàu Gia Thượng 1 (Từ số nhà 01 đến số nhà 69) | Đường Bàu Gia Thượng 2 (Từ số nhà 01 đến số nhà 96) | Đường Bàu Gia Thượng 3 (Từ số nhà 01 đến số nhà 69) | Đường Phạm Viết Chánh (Từ số nhà 132 đến số nhà 184),"1 Bàu Gia Thượng 1, Phường Hòa Thọ Đông, Quận Cẩm Lệ, Thành phố Đà Nẵng",Phường Hòa Thọ Đông,Quận Cẩm Lệ,100.0,150.0,112.5,0,16.01648,108.195388
1,3,2024-10-24,46 Đường Lê Thanh Nghị | Lê Thanh Nghị | Đường Lê Thanh Nghị,"40 Lê Thanh Nghị, Hoà Cường Bắc, Hải Châu, Đà Nẵng 550000, Việt Nam",Phường Hòa Cường Bắc,Quận Hải Châu,10.0,10.0,10.0,0,16.042963,108.217493
1,3,2022-10-14,Đường Phạm Ngũ Lão (Toàn bộ tuyến đường) | Đường Triệu Nữ Vương (Toàn bộ tuyến đường) | Đường Tăng Bạt Hổ (Toàn bộ tuyến đường),"1 Tăng Bạt Hổ, Hải Châu 15, Quận Hải Châu, Thành phố Đà Nẵng",Hải Châu 13 | Hải Châu 15 | Hải Châu 8,Hải Châu,50.0,50.0,50.0,0,16.067034,108.215845
1,3,2022-10-14,K62 Nguyễn Phan Vinh (K62/02 đến K62/16 Nguyễn Phan Vinh) | Đường Nguyễn Gia Trí (Toàn bộ đường) | Đường Nguyễn Phan Vinh (Từ 39 Nguyễn Phan Vinh đến Hoàng Sa),"1 Nguyễn Gia Trí, Phường Thọ Quang, Quận Sơn Trà, Thành phố Đà Nẵng",Phường Thọ Quang,Quận Sơn Trà,50.0,60.0,53.3,0,16.100463,108.251018
1,3,2022-10-14,K35 Dương Đình Nghệ (K35/01 đến K35/05) | Đường Dương Đình Nghệ (Từ số nhà 01 đến 17) | Đường Hà Bổng (Từ số nhà 02 đến 10),"1 Dương Đình Nghệ, Phường Phước Mỹ, Quận Sơn Trà, Thành phố Đà Nẵng",Phường Phước Mỹ,Quận Sơn Trà,50.0,50.0,50.0,0,16.06862,108.244015
1,3,2022-10-14,Đường Đặng Dung (Từ số nhà 103 đến số nhà 127) | Đường Đặng Dung (Từ số nhà 98 đến số nhà 124) | Đường Đặng Tất (Từ số nhà 01 đến số nhà 35),"1 Đặng Tất, Phường Hòa Khánh Nam, Quận Liên Chiểu, Thành phố Đà Nẵng",Phường Hòa Minh,Quận Liên Chiểu,100.0,100.0,100.0,0,16.068275,108.151228
1,3,2022-10-14,Đường Cống Quỳnh (Từ số nhà 02 đến số nhà 44) | Đường Phong Bắc 15 (Từ số nhà 02 đến số nhà 24) | Đường Phong Bắc 16 (Toàn bộ tuyến đường),"2 Cống Quỳnh, Phường Hòa Thọ Đông, Quận Cẩm Lệ, Thành phố Đà Nẵng",Phường Hòa Thọ Đông,Quận Cẩm Lệ,150.0,150.0,150.0,0,16.010717,108.197507
1,3,2022-10-14,Kiệt 43 đường Nguyễn Nhàn (Toàn bộ kiệt) | Đường Bàu Gia 1 (Từ số nhà 01 đến số nhà 29) | Đường Phan Sỹ Thực (Từ số nhà 01 đến số 47),"1 Bàu Gia 1, Phường Hòa Thọ Đông, Quận Cẩm Lệ, Thành phố Đà Nẵng",Phường Hòa Thọ Đông,Quận Cẩm Lệ,180.0,250.0,203.3,0,16.012007,108.198108
1,3,2022-10-14,"K315 Ngô Quyền (K315/02 đến K315/20, K315/01 đến K315/49 Ngô Quyền) | K331 Ngô Quyền (K333/1 đến K331/55 Ngô Quyền) | K331 Ngô Quyền (Từ K331/H05/02 đến K331/H05/16 Ngô Quyền)","239 Ng. Quyền, Mân Thái, Sơn Trà, Đà Nẵng, Việt Nam",Phường An Hải Bắc,Quận Sơn Trà,70.0,120.0,86.7,0,16.086722,108.241417
1,3,2022-10-14,K223 Ngô Quyền (K223/3 đến K223/49 Ngô Quyền) | K229 Ngô Quyền (K229/6 đến K229/24 Ngô Quyền) | K233 Ngô Quyền (K233/3 đến K233/33 Ngô Quyền),"163, Đường Ngô Quyền, Phường Mân Thái, Quận Sơn Trà, Mân Thái, Sơn Trà, Đà Nẵng, Vietnam",Phường Mân Thái,Quận Sơn Trà,100.0,100.0,100.0,0,16.090733,108.243001
1,2,2025-09-27,Quận Liên Chiểu,"34FR+V7 Quận Liên Chiểu, Thành Phố Đà Nẵng, Vietnam",Phường Hòa Khánh Bắc,Quận Liên Chiểu,10.0,10.0,10.0,1,16.074647,108.140772
1,2,2022-10-14,Đường Ngô Chi Lan (Toàn bộ tuyến đường) | Đường Phan Kế Bính (Toàn bộ tuyến đường),"1 Ngô Chi Lan, Phường Thuận Phước, Quận Hải Châu, Thành phố Đà Nẵng",Phường Thuận Phước,Quận Hải Châu,50.0,50.0,50.0,0,16.082638,108.218044
1,2,2022-10-14,Đường 30/4 - Núi Thành (Khu vực ngã tư) | Đường Hàn Thuyên (Toàn bộ tuyến đường),"1 Hàn Thuyên, Phường Hòa Cường Bắc, Quận Hải Châu, Thành phố Đà Nẵng",Phường Hòa Cường Bắc,Quận Hải Châu,50.0,50.0,50.0,0,16.04029,108.221375
1,2,2022-10-14,Đường Cô Bắc (Toàn bộ tuyến đường) | Đường Mạc Đỉnh Chi (Từ số nhà 01 đến số nhà 05),"1 Cô Bắc, Hải Châu 14, Quận Hải Châu, Thành phố Đà Nẵng",Hải Châu 14 | Hải Châu 16,Hải Châu,50.0,50.0,50.0,0,16.065801,108.215597
1,2,2022-10-14,"Đường Huỳnh Ngọc Huệ (Từ số nhà 86 Huỳnh Ngọc Huệ đến số nhà 132 Huỳnh Ngọc Huệ) | Đường Đinh Núp, tổ 78 P.An Khê (Từ số nhà 55 Đinh Núp đến số nhà 111 Đinh Núp)","55 Đinh Núp, Tổ 78, Phường An Khê, Quận Thanh Khê, Thành phố Đà Nẵng",Phường Hòa Khê,Quận Thanh Khê,170.0,170.0,170.0,0,16.062121,108.184121
1,2,2022-10-14,K140 Nguyễn Phan Vinh (Toàn bộ kiệt) | Đường Trần Nhật Duật (Toàn bộ tuyến đường),"1 Trần Nhật Duật, Phường Thọ Quang, Quận Sơn Trà, Thành phố Đà Nẵng",Phường Thọ Quang,Quận Sơn Trà,60.0,200.0,130.0,0,16.100629,108.253938
1,2,2022-10-14,K61 Trương Định (Toàn bộ kiệt) | Đường Vũ Tông Phan (Từ số nhà 01 đến ngã giao Vũ Tông Phan - Hồ Học Lâm),"1 Vũ Tông Phan, Phường Mân Thái, Quận Sơn Trà, Thành phố Đà Nẵng",Phường Mân Thái,Quận Sơn Trà,60.0,100.0,80.0,0,16.089655,108.24623
1,2,2022-10-14,Đường Phước Trường 16 (Từ số nhà 01 đến 15) | Đường Phước Trường 17 (Từ số nhà 01 đến 17),"1 Phước Trường 16, Phường Phước Mỹ, Quận Sơn Trà, Thành phố Đà Nẵng",Phường An Hải Bắc,Quận Sơn Trà,50.0,50.0,50.0,0,16.082147,108.242985
1,2,2022-10-14,"Đường Dương Đình Nghệ (Từ số nhà 248 đến 280, K260/19 đến số nhà 01 An Nhơn 12) | Đường Huy Du (Từ số nhà 26 đến 64)","26 Huy Du, Phường An Hải Bắc, Quận Sơn Trà, Thành phố Đà Nẵng",Phường An Hải Bắc,Quận Sơn Trà,50.0,120.0,85.0,0,16.070599,108.233325
1,2,2022-10-14,Đường K20 (Từ số nhà 01 đến số nhà 05) | Đường Lê Văn Hiến (Từ số nhà 83 đến số nhà 223),"83 Lê Văn Hiến, Phường Khuê Mỹ, Quận Ngũ Hành Sơn, Thành phố Đà Nẵng",Phường Khuê Mỹ,Quận Ngũ Hành Sơn,30.0,50.0,40.0,0,16.024605,108.249905
1,2,2022-10-14,Đường Thanh Lương 17 (Từ số nhà 01 đến số nhà 111) | Đường Vũ Đình Liên (Từ số 12 đến số 233 Vũ Đình Liên),"1 Thanh Lương 17, Phường Hòa Xuân, Quận Cẩm Lệ, Thành phố Đà Nẵng",Phường Hòa Xuân,Quận Cẩm Lệ,100.0,100.0,100.0,0,16.01135,108.221824
1,2,2022-10-14,Kiệt 185 đường Trinh Đường (Từ số nhà 09-79) | Đường Trinh Đường (Từ số nhà 01 đến số nhà 83),"1 Trinh Đường, Phường Hòa Phát, Quận Cẩm Lệ, Thành phố Đà Nẵng",Phường Hòa Phát,Quận Cẩm Lệ,50.0,100.0,75.0,0,16.032199,108.179423
1,2,2022-10-14,Đường Trịnh Hoài Đức (Từ số nhà 01 đến số nhà 63) | Đường Xuân Thuỷ (Từ số nhà 196 đến số nhà 204),"1 Trịnh Hoài Đức, Phường Khuê Trung, Quận Cẩm Lệ, Thành phố Đà Nẵng",Phường Khuê Trung,Quận Cẩm Lệ,30.0,40.0,35.0,0,16.024879,108.215124
1,2,2022-10-14,Đường Trần Xuân Soạn (Từ số nhà 67 đến số nhà 72) | Đường Tôn Thất Thuyết (Từ số nhà 02 đến số nhà 20),"2 Tôn Thất Thuyết, Phường Khuê Trung, Quận Cẩm Lệ, Thành phố Đà Nẵng",Phường Khuê Trung,Quận Cẩm Lệ,30.0,30.0,30.0,0,16.021855,108.209193
1,2,2022-10-14,Đường Phong Bắc 6 (Từ số nhà 03 đến số nhà 45) | Đường Trần Quý Hai (Từ số nhà 06 đến số nhà 46),"3 Phong Bắc 6, Phường Hòa Thọ Đông, Quận Cẩm Lệ, Thành phố Đà Nẵng",Phường Hòa Thọ Đông,Quận Cẩm Lệ,40.0,50.0,45.0,0,16.006045,108.195345
1,2,2022-10-14,Đường Cách Mạng Tháng 8 (Từ số nhà 344 đến số nhà 440) | Đường Nguyễn Hàng (Từ số nhà 61 đến số nhà 99),"344 Cách Mạng Tháng Tám, Phường Hòa Thọ Đông, Quận Cẩm Lệ, Thành phố Đà Nẵng",Phường Hòa Thọ Đông,Quận Cẩm Lệ,100.0,200.0,150.0,0,16.016091,108.201495
1,2,2022-10-14,Đường Bình Thái 1 (Từ số nhà 37 đến số nhà 47) | Đường Bình Thái 3 (Từ số nhà 52 đến số nhà 60),"37 Bình Thái 1, Phường Hòa Thọ Đông, Quận Cẩm Lệ, Thành phố Đà Nẵng",Phường Hòa Thọ Đông,Quận Cẩm Lệ,100.0,100.0,100.0,0,16.014463,108.203967
1,2,2022-10-14,Kiệt 356 Hoàng Diệu (Toàn bộ kiệt) | Kiệt 368 Hoàng Diệu (Toàn bộ kiệt),"358 Hoàng Diệu, Bình Thuận, Hải Châu, Đà Nẵng 550000, Vietnam",Phường Bình Hiên,Quận Hải Châu,50.0,50.0,50.0,0,16.056306,108.217083
1,2,2022-10-14,Kiệt 408 Hoàng Diệu (Toàn bộ kiệt) | Kiệt 442 Hoàng Diệu (Toàn bộ kiệt),"410 Hoàng Diệu, Bình Thuận, Hải Châu, Đà Nẵng, Việt Nam",Phường Bình Thuận | Phường Hòa Thuận Đông,Quận Hải Châu,50.0,50.0,50.0,0,16.054538,108.217354
1,2,2022-10-14,Kiệt 130 Điện Biên Phủ (Toàn bộ kiệt) | Kiệt 99 Thái Thị Bôi (Toàn bộ kiệt),"107 Đường Thái Thị Bôi, Phường Chính Gián, Quận Thanh Khê, Thành Phố Đà Nẵng, Chính Gián, Thanh Khê, Đà Nẵng 550000, Việt Nam",Phường Chính Gián,Quận Thanh Khê,50.0,150.0,100.0,0,16.067489,108.198708
1,2,2022-10-14,Kiệt 173 Thái Thị Bôi (Toàn bộ kiệt) | Kiệt 195 Thái Thị Bôi (Toàn bộ kiệt),"173 Thái Thị Bôi, Chính Gián, Thanh Khê, Đà Nẵng, Việt Nam",Phường Xuân Hà,Quận Thanh Khê,50.0,50.0,50.0,0,16.068369,108.195988
1,2,2022-10-14,Ngã tư Lê Thạch – Tú Mỡ (Khu vực giao nhau Lê Thạch - Tú Mỡ) | Ngã tư Đinh Liệt – Tú Mỡ (Khu vực giao nhau Đinh Liệt và Tú Mỡ),"19 Tú Mỡ, Hoà An, Cẩm Lệ, Đà Nẵng 550000, Việt Nam",Phường Hòa An,Quận Cẩm Lệ,100.0,100.0,100.0,0,16.053071,108.173248
1,2,2022-10-14,"Kiệt 405, Đường Lê Duẩn, tổ 04, phường Thạc Gián (Từ số nhà 405/2 đến số nhà 405/26, đường Lê Duẩn) | Kiệt 407, Đường Lê Duẩn (Từ số nhà 407/2 đến số nhà 407/28, đường Lê Duẩn)","385 Đ. Lê Duẩn, Tân Chính, Thanh Khê, Đà Nẵng 550000, Việt Nam",Phường Thạc Gián,Quận Thanh Khê,50.0,70.0,60.0,0,16.067712,108.208355
1,2,2022-10-14,"Kiệt 52, Đường Phạm Văn Nghị, tổ (thôn) 51; phường Thạc Gián (Từ số nhà 52/2 đến số nhà 52/16, đường Phạm Văn Nghị) | Kiệt 56, Đường Phạm Văn Nghị, tổ (thôn) 51; phường Thạc Gián (Từ số nhà 56/2 đến số nhà 56/14, đường Phạm Văn Nghị)","60 Đ. Phạm Văn Nghị, Thạc Gián, Quận Thanh Khê, Đà Nẵng, Việt Nam",Phường Thạc Gián,Quận Thanh Khê,50.0,50.0,50.0,0,16.057103,108.209931
1,2,2022-10-14,"Kiệt 33, Đường Nguyễn Văn Linh, tổ (thôn) 56; phường Thạc Gián (Từ số nhà 33/2 đến số nhà 33/26, đường Nguyễn Văn Linh) | Kiệt 71, Đường Nguyễn Văn Linh, tổ (thôn) 53; phường Thạc Gián (Từ số nhà 71/2 đến số nhà 71/24, đường Nguyễn Văn Linh)","366C+846, Nguyễn Văn Linh, Phước Ninh, Hải Châu, Đà Nẵng 550000, Vietnam",Phường Phước Ninh,Quận Hải Châu,50.0,50.0,50.0,0,16.060827,108.220676
1,2,2022-10-14,K54 Nguyễn Công Trứ (K54/2 đến K54/12 Nguyễn Công Trứ) | K94 Nguyễn Công Trứ (K94/40 đến K94/69),"58 Nguyễn Công Trứ, An Hải Bắc, Sơn Trà, Đà Nẵng 550000, Việt Nam",Phường An Hải Bắc,Quận Sơn Trà,20.0,30.0,25.0,0,16.068084,108.230938
1,2,2022-10-14,Đường Thăng Long (Khu vực gầm Cầu Cẩm Lệ) | Đường Thăng Long – Cầu Đỏ Tuý Loan (Khu vực giao nhau Thăng Long – Cầu Đỏ Tuý Loan (dài 300m)),"Thăng Long, Cẩm Lệ, Đà Nẵng, Việt Nam",Phường Hòa Thọ Đông,Quận Cẩm Lệ,100.0,200.0,150.0,0,16.000396,108.19096
1,1,2025-12-25,Tôn Đản,"500/60/56 Tôn Đản, Phường Hòa Phát, Quận Cẩm Lệ, Đà Nẵng, Việt Nam",Phường Hòa Phát,Quận Cẩm Lệ,35.0,35.0,35.0,1,16.039722,108.181928
1,1,2025-11-02,Đường Gò Dư,"Đường Gò Dư, Đ. Gò Dư, Hòa Minh, Liên Chiểu, Đà Nẵng 550000",,Phường Hòa Khánh,70.0,70.0,70.0,1,16.051414,108.163075
1,1,2025-11-03,,"146 Phạm Thị Lam Anh, 146 Phạm Thị Lam Anh, Hoà Khánh Nam, Liên Chiểu, Đà Nẵng 550000",,Phường Hòa Khánh,100.0,100.0,100.0,1,16.048267,108.147146
1,1,2025-11-02,Đường Nguyễn Tường Phổ,"Đường Nguyễn Tường Phổ, Đ. Nguyễn Tường Phổ, Hòa Minh, Liên Chiểu, Đà Nẵng 550000",,Phường Thanh Khê,70.0,70.0,70.0,0,16.062622,108.173019
1,1,2025-11-02,,"Nam Trân, Nam Trân, Đà Nẵng 550000",,Phường Thanh Khê,50.0,50.0,50.0,0,16.060848,108.171595
1,1,2025-11-02,,"Thanh Vinh 5, Thanh Vinh 5, Hòa Khánh Bắc, Liên Chiểu, Đà Nẵng",,Phường Liên Chiểu,10.0,10.0,10.0,0,16.076039,108.127898
1,1,2025-10-30,,"Tổ 8, thôn Quan Châu, xã Hoà Châu, huyện Hoà Vang, Thành phố Đà Nẵng, X5GW+9PR, Quang Châu, Hòa Vang, Đà Nẵng 550000",,Phường Hòa Xuân,10.0,10.0,10.0,1,15.975939,108.196571
1,1,2025-10-30,,"300 Nguyễn Đình Thi, 300 Nguyễn Đình Thi, Hoà Xuân, Cẩm Lệ, Đà Nẵng 550000",,Phường Hòa Xuân,40.0,40.0,40.0,0,16.00498,108.228844
1,1,2025-10-30,,"158 Nguyễn Quang Lâm, 158 Nguyễn Quang Lâm, Hoà Xuân, Cẩm Lệ, Đà Nẵng 550000",,Phường Hòa Xuân,10.0,10.0,10.0,0,15.983071,108.212523
1,1,2025-10-30,,"Phù Đổng, Phù Đổng, Hòa Xuân, Hòa Vang, Đà Nẵng 550000",,Phường Hòa Xuân,15.0,15.0,15.0,0,15.987413,108.208937
1,1,2025-10-29,Quận Cẩm Lệ,"X6R5+VC Quận Cẩm Lệ, Thành Phố Đà Nẵng, Vietnam",Phường Hòa Xuân,Quận Cẩm Lệ,20.0,20.0,20.0,0,15.99219,108.208509
1,1,2025-10-29,Nguyễn Thái Học,"07 Nguyễn Thái Học, Hải Châu, Đà Nẵng 550000, Việt Nam",Phường Hải Châu 1,Quận Hải Châu,10.0,10.0,10.0,0,16.067729,108.224545
1,1,2025-10-29,Quận Cẩm Lệ,"X6J6+7W Quận Cẩm Lệ, Thành Phố Đà Nẵng, Vietnam",Phường Hòa Xuân,Quận Cẩm Lệ,35.0,35.0,35.0,0,15.980675,108.212273
1,1,2025-10-29,,"Phan Thúc Trực, Phan Thúc Trực, Hòa Châu, Hòa Vang, Đà Nẵng 550000",,Phường Hòa Xuân,25.0,25.0,25.0,0,15.99657,108.199459
1,1,2025-10-29,,"191 Phan Thúc Trực, 191 Phan Thúc Trực, Hoà Châu, Hòa Vang, Đà Nẵng 550000",,Phường Hòa Xuân,10.0,10.0,10.0,0,15.994532,108.195851
1,1,2025-10-29,,"Lệ Sơn, Lệ Sơn, Hòa Tiến, Hòa Vang, Đà Nẵng",,Phường Hòa Xuân,10.0,10.0,10.0,1,15.969916,108.182893
1,1,2025-10-29,Đường Dũng Sĩ Thanh Khê,"Đường Dũng Sĩ Thanh Khê, Đ. Dũng Sĩ Thanh Khê, Đà Nẵng",,Phường Thanh Khê,30.0,30.0,30.0,1,16.074669,108.174849
1,1,2025-10-29,,"Quang Châu, Quang Châu, Hòa Châu, Hòa Vang, Đà Nẵng",,Phường Hòa Xuân,40.0,40.0,40.0,0,15.977101,108.197719
1,1,2025-10-28,,"Sông Cầu Đỏ, Sông Cầu Đỏ, Đà Nẵng",,Phường Hòa Xuân,10.0,10.0,10.0,0,15.999716,108.194941
1,1,2025-10-28,,"Hòa Châu, Hòa Châu, Hòa Vang, Đà Nẵng",,Phường Hòa Xuân,60.0,60.0,60.0,0,15.98455,108.193271
1,1,2025-10-28,,"Bình Thái 4, Bình Thái 4, Cẩm Lệ, Đà Nẵng 550000",,Phường Cẩm Lệ,90.0,90.0,90.0,0,16.012546,108.201639
1,1,2025-10-28,,"Nhà Văn hóa thôn Quá Giáng 2, X685+H3P, Hoà Phước, Hòa Vang, Đà Nẵng",,Phường Hòa Xuân,70.0,70.0,70.0,0,15.966452,108.207706
1,1,2025-10-27,Đường Bình Kỳ,"Đường Bình Kỳ, Đ. Bình Kỳ, Hòa Quý, Ngũ Hành Sơn, Đà Nẵng 550000",,Phường Ngũ Hành Sơn,5.0,5.0,5.0,1,16.000666,108.240343
1,1,2025-10-21,Quận Hải Châu,"369F+84 Quận Hải Châu, Thành Phố Đà Nẵng, Vietnam",Phường Hải Châu 1,Quận Hải Châu,10.0,10.0,10.0,0,16.068301,108.222814
1,1,2025-10-16,Nguyễn Chí Thanh,"55/1 Nguyễn Chí Thanh, Phường Thạch Thang, Quận Hải Châu, Đà Nẵng, Việt Nam",Phường Thạch Thang,Quận Hải Châu,10.0,10.0,10.0,0,16.076525,108.220843
1,1,2025-07-02,Đường Bùi Dương Lịch,"Đường Bùi Dương Lịch, Phường Nại Hiên Đông, 50411 Quận Sơn Trà",Phường Nại Hiên Đông,Quận Sơn Trà,10.0,10.0,10.0,1,16.08946,108.23209
1,1,2025-06-12,Đường Lỗ Giáng 11 (Duong Lo Giang 11),"Đường Lỗ Giáng 11 (Duong Lo Giang 11), Phường Hòa Xuân, 50707 Quận Cẩm Lệ",Phường Hòa Xuân,Quận Cẩm Lệ,10.0,10.0,10.0,0,15.99938,108.21404
1,1,2025-06-12,,"Son Thuy Amusement Park (Ngũ Hành Sơn), Phường Hòa Hải, 50509 Quận Ngũ Hành Sơn",Phường Hòa Hải,Quận Ngũ Hành Sơn,10.0,10.0,10.0,0,16.00324,108.26449
1,1,2025-06-11,Quận Ngũ Hành Sơn,"26XV+59 Quận Ngũ Hành Sơn, Thành Phố Đà Nẵng, Vietnam",Phường Mỹ An,Quận Ngũ Hành Sơn,10.0,10.0,10.0,0,16.047949,108.24341
1,1,2025-06-11,Quận Sơn Trà,"36WX+JX Quận Sơn Trà, Thành Phố Đà Nẵng, Vietnam",Phường Thọ Quang,Quận Sơn Trà,11.0,11.0,11.0,1,16.096544,108.249939
1,1,2024-12-30,Đường Tiên Sơn 12 (Duong Tien Son 12),"Đường Tiên Sơn 12 (Duong Tien Son 12), Phường Hòa Cường Nam, 50218 Quận Hải Châu",Phường Hòa Cường Nam,Quận Hải Châu,10.0,10.0,10.0,0,16.03145,108.22181
1,1,2024-12-23,,"Phường Hòa Khánh Bắc, Quận Liên Chiểu, ",Phường Hòa Khánh Bắc,Quận Liên Chiểu,10.0,10.0,10.0,0,16.0799,108.13589
1,1,2024-12-23,,"Phường Hòa Khánh Nam, Quận Liên Chiểu, ",Phường Hòa Minh,Quận Liên Chiểu,10.0,10.0,10.0,0,16.05134,108.15105
1,1,2024-11-05,Chơn Tâm 8,"11 Chơn Tâm 8, Hoà Minh, Liên Chiểu, Đà Nẵng 550000, Việt Nam",Phường Hòa Minh,Quận Liên Chiểu,30.0,30.0,30.0,1,16.06206,108.161421
1,1,2024-11-05,Nguyễn Quốc Trị,"13 Nguyễn Quốc Trị, Khuê Mỹ, Ngũ Hành Sơn, Đà Nẵng, Việt Nam",Phường Khuê Mỹ,Quận Ngũ Hành Sơn,10.0,10.0,10.0,1,16.030908,108.237424
1,1,2024-11-05,Cô Bắc,"47 Cô Bắc, Hải Châu 2, Hải Châu, Đà Nẵng 550000, Việt Nam",Phường Hải Châu 2,Quận Hải Châu,10.0,10.0,10.0,0,16.064229,108.216047
1,1,2024-11-05,Văn Tiến Dũng,"317 Văn Tiến Dũng, Hoà Xuân, Cẩm Lệ, Đà Nẵng 550000, Việt Nam",Phường Hòa Xuân,Quận Cẩm Lệ,10.0,10.0,10.0,0,15.994331,108.213625
1,1,2024-11-05,Mai Thúc Lân,"106 Mai Thúc Lân, Bắc Mỹ Phú, Ngũ Hành Sơn, Đà Nẵng 550000, Việt Nam",Phường Mỹ An,Quận Ngũ Hành Sơn,30.0,30.0,30.0,0,16.051469,108.242374
1,1,2024-11-05,Lê Vĩnh Huy,"76/21 Lê Vĩnh Huy, Hòa Cường, Hòa Cường Bắc, Hải Châu, Đà Nẵng, Việt Nam",Phường Hòa Cường Bắc,Quận Hải Châu,10.0,10.0,10.0,0,16.042862,108.219768
1,1,2024-11-05,Phan Phu Tiên,"19 Phan Phu Tiên, Thanh Khê Tây, Liên Chiểu, Đà Nẵng, Việt Nam",Phường Thanh Khê Tây,Quận Thanh Khê,10.0,10.0,10.0,1,16.075699,108.175418
1,1,2024-11-05,Lạc Long Quân,"26 Lạc Long Quân, Hoà Khánh Bắc, Liên Chiểu, Đà Nẵng 550000, Việt Nam",Phường Hòa Khánh Bắc,Quận Liên Chiểu,40.0,40.0,40.0,1,16.0768,108.146952
1,1,2024-11-05,Trịnh Công Sơn,"11 Trịnh Công Sơn, Hòa Cường, Hòa Cường Nam, Hải Châu, Đà Nẵng, Việt Nam",Phường Hòa Cường Nam,Quận Hải Châu,10.0,10.0,10.0,0,16.035572,108.221797
1,1,2024-11-05,,"3683+X8M, Điện Biên Phủ, Chính Gián, Thanh Khê, Đà Nẵng 550000, Việt Nam",Phường Thạc Gián,Quận Thanh Khê,10.0,10.0,10.0,1,16.067413,108.20306
1,1,2024-11-05,Phan Đăng Lưu,"2A Phan Đăng Lưu, Hoà Cường Bắc, Hải Châu, Đà Nẵng, Việt Nam",Phường Hòa Cường Bắc,Quận Hải Châu,20.0,20.0,20.0,0,16.037902,108.225199
1,1,2024-11-05,Hùng Vương,"156 Hùng Vương, Hải Châu 1, Hải Châu, Đà Nẵng, Việt Nam",Phường Hải Châu I,Quận Hải Châu,10.0,10.0,10.0,0,16.06897,108.218474
1,1,2024-11-04,Bàu Trảng 6,"22 Bàu Trảng 6, Thanh Khê Tây, Thanh Khê, Đà Nẵng 550000, Việt Nam",Phường Thanh Khê Tây,Quận Thanh Khê,10.0,10.0,10.0,0,16.064529,108.181082
1,1,2024-11-04,Đường Bắc Sơn,"Đường Bắc Sơn, Phường Hòa An, 50709 Quận Cẩm Lệ",Phường Hòa An,Quận Cẩm Lệ,20.0,20.0,20.0,0,16.05242,108.1776
1,1,2024-11-04,Đường Doãn Khuê,"Đường Doãn Khuê, Phường Hòa Cường Bắc, 50217 Quận Hải Châu",Phường Hòa Cường Bắc,Quận Hải Châu,20.0,20.0,20.0,0,16.03576,108.22907
1,1,2024-11-04,Đường Phan Đăng Lưu,"Đường Phan Đăng Lưu, Quận Hải Châu",,Quận Hải Châu,20.0,20.0,20.0,0,16.03735,108.22097
1,1,2024-11-04,Nguyễn Thái Bình,"49 Nguyễn Thái Bình, Hoà Minh, Liên Chiểu, Đà Nẵng 550000, Việt Nam",Phường Hòa Minh,Quận Liên Chiểu,20.0,20.0,20.0,1,16.058716,108.172828
1,1,2024-11-04,Đường Tiểu La,"Đường Tiểu La, Quận Hải Châu",,Quận Hải Châu,10.0,10.0,10.0,0,16.04537,108.21836
1,1,2024-11-04,Đ. Nguyễn Hoàng,"253/38 Đ. Nguyễn Hoàng, Bình Hiên, Hải Châu, Đà Nẵng 550000, Việt Nam",Phường Bình Hiên,Quận Hải Châu,20.0,20.0,20.0,0,16.057622,108.214063
1,1,2024-11-04,Kiệt 342 Đ.2/9,"9 Kiệt 342 Đ.2/9, Hoà Cường Bắc, Hải Châu, Đà Nẵng 550000, Việt Nam",Phường Hòa Cường Bắc,Quận Hải Châu,30.0,30.0,30.0,0,16.042633,108.222303
1,1,2024-11-04,Hoài Thanh,"247 Hoài Thanh, Bắc Mỹ An, Ngũ Hành Sơn, Đà Nẵng 550000, Việt Nam",Phường Mỹ An,Quận Ngũ Hành Sơn,40.0,40.0,40.0,0,16.042881,108.239256
1,1,2024-11-02,Đường Nguyễn Tri Phương,"510 Đường Nguyễn Tri Phương, Phường Hòa Thuận Tây, Quận Hải Châu, Đà Nẵng, Việt Nam",Phường Hòa Thuận Đông,Quận Hải Châu,10.0,10.0,10.0,0,16.050216,108.214019
1,1,2024-11-02,Ngô Tất Tố,"54-52 Ngô Tất Tố, Hoà Cường Bắc, Hải Châu, Đà Nẵng, Việt Nam",Phường Hòa Cường Nam,Quận Hải Châu,10.0,10.0,10.0,0,16.037724,108.216032
1,1,2024-10-27,Như Nguyệt,"167 Như Nguyệt, Thuận Phước, Hải Châu, Đà Nẵng 550000, Việt Nam",Phường Thuận Phước,Quận Hải Châu,20.0,20.0,20.0,0,16.08799,108.220936
1,1,2024-10-27,Phạm Ngọc Thạch,"91 Phạm Ngọc Thạch, Thuận Phước, Hải Châu, Đà Nẵng 550000, Việt Nam",Phường Thanh Bình,Quận Hải Châu,15.0,15.0,15.0,0,16.089883,108.217052
1,1,2024-10-27,Phùng Chí Kiên,"42 Phùng Chí Kiên, Hoà Minh, Liên Chiểu, Đà Nẵng, Việt Nam",Phường Hòa Minh,Quận Liên Chiểu,10.0,10.0,10.0,0,16.07919,108.166449
1,1,2024-10-27,Lê Độ,"27 Lê Độ, Chính Gián, Thanh Khê, Đà Nẵng, Việt Nam",Phường Xuân Hà,Quận Thanh Khê,11.0,11.0,11.0,0,16.070201,108.201619
1,1,2024-10-23,Đường A-07 (Duong A-07),"Đường A-07 (Duong A-07), Phường Hòa Hiệp Nam, 50609 Quận Liên Chiểu",Phường Hòa Hiệp Nam,Quận Liên Chiểu,10.0,10.0,10.0,0,16.10258,108.11867
1,1,2024-10-23,Nguyễn Đức Trung,"60 Nguyễn Đức Trung, Hòa Khê, Thanh Khê, Đà Nẵng, Việt Nam",Phường Xuân Hà,Quận Thanh Khê,10.0,10.0,10.0,0,16.06871,108.18756
1,1,2024-10-23,Đường Thái Phiên,"90 Đường Thái Phiên, Phường Phước Ninh, Quận Hải Châu, Đà Nẵng, Việt Nam",Phường Phước Ninh,Quận Hải Châu,30.0,30.0,30.0,0,16.06522,108.2209
1,1,2024-10-23,Trần Quốc Toản,"46 Trần Quốc Toản, Hải Châu 1, Quận Hải Châu, Đà Nẵng, Việt Nam",Phường Hải Châu I,Quận Hải Châu,20.0,20.0,20.0,0,16.06633,108.22178
1,1,2024-10-23,Đ. Trần Hưng Đạo,"36GH+9J3, 277 Đ. Trần Hưng Đạo, An Hải Bắc, Sơn Trà, Đà Nẵng 550000, Việt Nam",Phường An Hải Bắc,Quận Sơn Trà,30.0,30.0,30.0,0,16.07596,108.22898
1,1,2024-10-23,Đường Nguyễn Lương Bằng,"193 Đường Nguyễn Lương Bằng, Phường Hòa Khánh Bắc, Quận Liên Chiểu, Đà Nẵng, Việt Nam",Phường Hòa Khánh Bắc,Quận Liên Chiểu,20.0,20.0,20.0,0,16.07969,108.14708
1,1,2024-10-11,,"50 Hoàng Hoa Thám, Phường Tân Chính, Quận Thanh Khê",Phường Tân Chính,Quận Hải Châu,10.0,10.0,10.0,1,16.033055,108.223181
1,1,2024-10-11,40 Đường Thái Thị Bôi,"40 Đường Thái Thị Bôi, Phường Chính Gián, 50311 Quận Thanh Khê",Phường Chính Gián,Quận Thanh Khê,41.0,41.0,41.0,0,16.0683,108.2003
1,1,2024-10-11,9 Đường Lê Lợi,"9 Đường Lê Lợi, Phường Thạch Thang, 50207 Quận Hải Châu",Phường Thạch Thang,Quận Hải Châu,10.0,10.0,10.0,0,16.08072,108.21916
1,1,2024-10-11,Đường Huỳnh Thúc Kháng 56 Phường Nam Dương,"Quán 08 Các Món Nhậu Bình Dân (Quan 08 Huynh Thuc Khang), Đường Huỳnh Thúc Kháng 56 Phường Nam Dương, 50212 Quận Hải Châu",Phường Nam Dương,Quận Hải Châu,10.0,10.0,10.0,0,16.06038,108.21822
1,1,2024-10-11,80 Đường Lê Lợi,"80 Đường Lê Lợi, Phường Thạch Thang, 50207 Quận Hải Châu",Phường Thạch Thang,Quận Hải Châu,105.0,105.0,105.0,0,16.07709,108.21957
1,1,2024-10-11,50 Đường Bạch Đằng,"50 Đường Bạch Đằng, Phường Hải Châu 1, 50206 Quận Hải Châu",Phường Hải Châu 1,Quận Hải Châu,30.0,30.0,30.0,1,16.07384,108.22454
1,1,2024-09-17,Nguyễn Văn Cừ,"17 Nguyễn Văn Cừ, Hoà Hiệp Bắc, Liên Chiểu, Đà Nẵng, Việt Nam",Phường Hòa Hiệp Bắc,Quận Liên Chiểu,10.0,10.0,10.0,0,16.12351,108.121106
1,1,2024-08-26,Ngũ Hành Sơn,"100 Ngũ Hành Sơn, Bắc Mỹ Phú, Ngũ Hành Sơn, Đà Nẵng 550000, Việt Nam",Phường Mỹ An,Quận Ngũ Hành Sơn,10.0,10.0,10.0,0,16.050044,108.237595
1,1,2024-08-26,,"BAY COFFEE, Đường Nguyễn Văn Linh, Phường Hòa Thuận Tây, Quận Hải Châu, Thành Phố Đà Nẵng, Việt Nam",Phường Hòa Thuận Tây,Quận Hải Châu,10.0,10.0,10.0,0,16.058329,108.204388
1,1,2022-10-14,Đường Hàn Mặc Tử (Toàn bộ tuyến đường),"1 Hàn Mặc Tử, Phường Thuận Phước, Quận Hải Châu, Thành phố Đà Nẵng",Phường Thuận Phước,Quận Hải Châu,50.0,50.0,50.0,0,16.084385,108.219739
1,1,2022-10-14,Đường Mai Lão Bạng (Toàn bộ tuyến đường),"1 Mai Lão Bạng, Phường Thuận Phước, Quận Hải Châu, Thành phố Đà Nẵng",Phường Thanh Bình,Quận Hải Châu,50.0,50.0,50.0,0,16.083629,108.216483
1,1,2022-10-14,Đường Mai Am (Từ số nhà 02 đến số nhà 126),"2 Mai Am, Phường Thanh Bình, Quận Hải Châu, Thành phố Đà Nẵng",Phường Thanh Bình,Quận Hải Châu,50.0,50.0,50.0,0,16.085414,108.215902
1,1,2022-10-14,Đường Thanh Hải (Từ số nhà 02 đến số nhà 100),"2 Thanh Hải, Phường Thanh Bình, Quận Hải Châu, Thành phố Đà Nẵng",Phường Thanh Bình,Quận Hải Châu,50.0,50.0,50.0,0,16.081343,108.212645
1,1,2022-10-14,Đường Hải Hồ (Từ số nhà 02 đến số nhà 156),"2 Hải Hồ, Phường Thanh Bình, Quận Hải Châu, Thành phố Đà Nẵng",Phường Thanh Bình,Quận Hải Châu,50.0,50.0,50.0,0,16.080028,108.215291
1,1,2022-10-14,Đường Lê Đình Thám (Toàn bộ tuyến đường),"1 Lê Đình Thám, Phường Hòa Thuận Đông, Quận Hải Châu, Thành phố Đà Nẵng",Phường Hòa Thuận Đông,Quận Hải Châu,50.0,50.0,50.0,0,16.050855,108.216126
1,1,2022-10-14,Đường Trưng Nữ Vương (Toàn bộ tuyến đường),"1 Trưng Nữ Vương, Phường Hòa Thuận Đông, Quận Hải Châu, Thành phố Đà Nẵng",Phường Hòa Thuận Đông,Quận Hải Châu,50.0,50.0,50.0,0,16.053571,108.219193
1,1,2022-10-14,Đường Núi Thành (Toàn bộ tuyến đường),"1 Núi Thành, Phường Hòa Thuận Đông, Quận Hải Châu, Thành phố Đà Nẵng",Phường Hòa Thuận Đông,Quận Hải Châu,50.0,50.0,50.0,0,16.052579,108.220012
1,1,2022-10-14,Đường Duy Tân (Toàn bộ tuyến đường),"1 Duy Tân, Phường Hòa Thuận Đông, Quận Hải Châu, Thành phố Đà Nẵng",Phường Hòa Thuận Đông,Quận Hải Châu,50.0,50.0,50.0,0,16.049157,108.217899
1,1,2022-10-14,Đường 30/4 (Toàn bộ tuyến đường),"2 Đường 30/4, Phường Hòa Cường Bắc, Quận Hải Châu, Thành phố Đà Nẵng",Phường Hòa Cường Bắc,Quận Hải Châu,50.0,50.0,50.0,0,16.039792,108.212234
1,1,2022-10-14,Đường Ỷ Lan Nguyên Phi (Toàn bộ tuyến đường),"1 ỷ Lan Nguyên Phi, Phường Hòa Cường Bắc, Quận Hải Châu, Thành phố Đà Nẵng",Phường Hòa Cường Bắc,Quận Hải Châu,50.0,50.0,50.0,0,16.041316,108.220731
1,1,2022-10-14,Đường Ngô Tất Tố (Toàn bộ tuyến đường),"2 Ngô Tất Tố, Phường Hòa Cường Bắc, Quận Hải Châu, Thành phố Đà Nẵng",Phường Hòa Cường Bắc,Quận Hải Châu,50.0,50.0,50.0,0,16.038924,108.215709
1,1,2022-10-14,Đường Lê Thanh Nghị (Toàn bộ tuyến đường),"2 Lê Thanh Nghị, Phường Hòa Cường Bắc, Quận Hải Châu, Thành phố Đà Nẵng",Phường Hòa Thuận Đông,Quận Hải Châu,50.0,50.0,50.0,0,16.044662,108.216924
1,1,2022-10-14,Đường Trần Hữu Trang (Toàn bộ tuyến đường),"1 Trần Hữu Trang, Phường Hòa Cường Bắc, Quận Hải Châu, Thành phố Đà Nẵng",Phường Hòa Cường Bắc,Quận Hải Châu,50.0,50.0,50.0,0,16.039158,108.21858
1,1,2022-10-14,Đường Phan Huy Ôn (Toàn bộ tuyến đường),"2 Phan Huy ôn, Phường Hòa Cường Bắc, Quận Hải Châu, Thành phố Đà Nẵng",Phường Hòa Cường Bắc,Quận Hải Châu,50.0,50.0,50.0,0,16.038103,108.2191
1,1,2022-10-14,Đường Vũ Hữu (Toàn bộ tuyến đường),"1 Vũ Hũu, Phường Hòa Cường Bắc, Quận Hải Châu, Thành phố Đà Nẵng",Phường Hòa Cường Bắc,Quận Hải Châu,50.0,50.0,50.0,0,16.040948,108.211216
1,1,2022-10-14,Đường Lê Bá Trinh (Toàn bộ tuyến đường),"1 Lê Bá Trinh, Phường Hòa Cường Bắc, Quận Hải Châu, Thành phố Đà Nẵng",Phường Hòa Cường Bắc,Quận Hải Châu,50.0,50.0,50.0,0,16.043708,108.218757
1,1,2022-10-14,Đường Lương Nhữ Hộc (Toàn bộ tuyến đường),"1 Lương Nhữ Hộc, Phường Hòa Cường Bắc, Quận Hải Châu, Thành phố Đà Nẵng",Phường Hòa Cường Bắc,Quận Hải Châu,50.0,50.0,50.0,0,16.043913,108.211462
1,1,2022-10-14,Đường Ngô Gia Tự (Từ số nhà 36 đến số nhà 58),"1 Ngô Gia Tự, Hải Châu 2, Quận Hải Châu, Thành phố Đà Nẵng",Phường Thạch Thang,Quận Hải Châu,50.0,50.0,50.0,0,16.071486,108.21677
1,1,2022-10-14,Đường Ông Ích Khiêm (Toàn bộ tuyến đường),"1 ông ích Khiêm, Hải Châu 4, Quận Hải Châu, Thành phố Đà Nẵng",Phường Thanh Bình,Quận Hải Châu,50.0,50.0,50.0,0,16.080167,108.21135
1,1,2022-10-14,Đường Chi Lăng (Từ số nhà 02 đến số nhà 94),"2 Chi Lăng, Hải Châu 5, Quận Hải Châu, Thành phố Đà Nẵng",Phường Thạch Thang,Quận Hải Châu,50.0,50.0,50.0,0,16.070292,108.215019
1,1,2022-10-14,Đường Hùng Vương (Từ số nhà 188 đến số nhà 288),"188 Hùng Vương, Hải Châu 6, Quận Hải Châu, Thành phố Đà Nẵng",Phường Hải Châu I,Quận Hải Châu,50.0,50.0,50.0,0,16.06812,108.217469
1,1,2022-10-14,Đường Đoàn Thị Điểm (Toàn bộ tuyến đường),"1 Đoàn Thị Điểm, Hải Châu 7, Quận Hải Châu, Thành phố Đà Nẵng",Phường Hải Châu I,Quận Hải Châu,50.0,50.0,50.0,0,16.066684,108.21798
1,1,2022-10-14,Đường Hoàng Diệu (Từ số nhà 164 đến số nhà 192),"164 Hoàng Diệu, Hải Châu 9, Quận Hải Châu, Thành phố Đà Nẵng",Hải Châu 9,Hải Châu,50.0,50.0,50.0,0,16.063151,108.217167
1,1,2022-10-14,Đường Lê Đình Dương (Từ số nhà 132 đến số nhà 182),"132 Lê Đình Dương, Hải Châu 10, Quận Hải Châu, Thành phố Đà Nẵng",Phường Chính Gián,Quận Thanh Khê,50.0,50.0,50.0,0,16.064708,108.198288
1,1,2022-10-14,Đường Nguyễn Trãi (Toàn bộ tuyến đường),"1 Nguyễn Trãi, Hải Châu 12, Quận Hải Châu, Thành phố Đà Nẵng",Phường Phước Ninh,Quận Hải Châu,50.0,50.0,50.0,0,16.064773,108.217628
1,1,2022-10-14,Đường Nguyễn Đình Tựu Tổ 62 và Tổ 70 p. An Khê (Từ số nhà 02 đến số nhà 180 Nguyễn Đình Tựu),"2 Nguyễn Đình Tựu T, Phường An Khê, Quận Thanh Khê, Thành phố Đà Nẵng",Phường Thanh Khê Tây,Quận Thanh Khê,150.0,150.0,150.0,0,16.062741,108.180548
1,1,2022-10-14,"Đường Nguyễn Giản Thanh Tổ 83;88, P.An Khê (Từ số nhà 187 - 183 Nguyễn Giản Thanh, P.An Khê)","187 Nguyễn Giản Thanh Tổ 83;88, Phường An Khê, Quận Thanh Khê, Thành phố Đà Nẵng",Phường An Khê,Quận Thanh Khê,50.0,50.0,50.0,0,16.053729,108.187005
1,1,2022-10-14,"Nguyễn Tất Thành, tổ 54 – 56 (1679 Nguyễn Tất Thành đến 1877 Nguyễn Tất Thành)","1679 Nguyễn Tất Thành, Phường Thanh Khê Tây, Quận Thanh Khê, Thành phố Đà Nẵng",Phường Thanh Khê Tây,Quận Thanh Khê,90.0,90.0,90.0,0,16.077784,108.172853
1,1,2022-10-14,"đường Bàu Trảng 1,2,3,4,5,6,7, tổ 7 - 9, Thanh Khê Tây (01 Bàu Trảng 5 đến 48 Bàu Trảng 5)","1 Bàu Trảng 5, Phường Thanh Khê Tây, Quận Thanh Khê, Thành phố Đà Nẵng",Phường Thanh Khê Tây,Quận Thanh Khê,275.0,275.0,275.0,0,16.064548,108.179012
1,1,2022-10-14,"Mẹ Nhu, tổ 12,13, Thanh Khê Tây (02 Mẹ Nhu đến 56 Mẹ Nhu)","2 Mẹ Nhu, Phường Thanh Khê Tây, Quận Thanh Khê, Thành phố Đà Nẵng",Phường Thanh Khê Đông,Quận Thanh Khê,100.0,100.0,100.0,0,16.066969,108.182337
1,1,2022-10-14,Lê Duẩn (245 - 309 Lê Duẩn),"245 Lê Duẩn, Phường Tân Chính, Quận Thanh Khê, Thành phố Đà Nẵng",Phường Tam Thuận,Quận Thanh Khê,30.0,30.0,30.0,0,16.069692,108.211718
1,1,2022-10-14,"Nguyễn Huệ, tổ 27, 28 P.Vĩnh Trung (số nhà 42 - 110 Nguyễn Huệ)","42 Nguyễn Huệ, Phường Vĩnh Trung, Quận Thanh Khê, Thành phố Đà Nẵng",Phường Thạc Gián,Quận Thanh Khê,50.0,50.0,50.0,0,16.056822,108.206932
1,1,2022-10-14,"Kỳ Đồng, tổ 1, 2, 25, 27, 28 P.Thanh Khê Đông (số nhà 01 - 187)","1 Kỳ Đồng, Phường Thanh Khê Đông, Quận Thanh Khê, Thành phố Đà Nẵng",Phường Xuân Hà,Quận Thanh Khê,150.0,150.0,150.0,0,16.070124,108.188204
1,1,2022-10-14,Đường Lê Tấn Trung (Từ ngã ba Lê Tấn Trung - Lộc Phước 1 đến số nhà 80 Lê Tấn Trung),"25 Lê Tấn Trung, Phường Thọ Quang, Quận Sơn Trà, Thành phố Đà Nẵng",Phường Thọ Quang,Quận Sơn Trà,120.0,120.0,120.0,0,16.099363,108.249094
1,1,2022-10-14,Đường Ngô Quyền (Từ 821 đến 905 Ngô Quyền),"821 Ngô Quyền, Phường An Hải Đông, Quận Sơn Trà, Thành phố Đà Nẵng",Phường An Hải Bắc,Quận Sơn Trà,100.0,100.0,100.0,0,16.066239,108.233083
1,1,2022-10-14,Đường Ngô Quyền (Từ 1019 đến 1025 Ngô Quyền),"1019 Ngô Quyền, Phường An Hải Đông, Quận Sơn Trà, Thành phố Đà Nẵng",Phường An Hải Đông,Quận Sơn Trà,70.0,70.0,70.0,0,16.059951,108.235026
1,1,2022-10-14,Đường Phạm Cự Lượng (Từ 09 đến 31 Phạm Cự Lượng),"9 Phạm Cự Lượng, Phường An Hải Đông, Quận Sơn Trà, Thành phố Đà Nẵng",Phường An Hải Đông,Quận Sơn Trà,80.0,80.0,80.0,0,16.064796,108.235035
1,1,2022-10-14,Đường Trần Hưng Đạo (Từ ngã giao Nguyễn Thế Lộc - Trần Hưng Đạo đến Vân Đồn - Trần Hưng Đạo),"1 Trần Hưng Đạo, Phường Nại Hiên Đông, Quận Sơn Trà, Thành phố Đà Nẵng",Phường An Hải Bắc,Quận Sơn Trà,30.0,30.0,30.0,0,16.079642,108.228927
1,1,2022-10-14,Đường Đào Duy Kỳ (Từ số 01 đến số 31 Đào Duy Kỳ),"1 Đào Duy Kỳ, Phường Nại Hiên Đông, Quận Sơn Trà, Thành phố Đà Nẵng",Phường An Hải Bắc,Quận Sơn Trà,20.0,20.0,20.0,0,16.085604,108.232527
1,1,2022-10-14,Đường Lê Văn Duyệt (Từ số nhà 01 đến 77 Lê Văn Duyệt),"1 Lê Văn Duyệt, Phường Nại Hiên Đông, Quận Sơn Trà, Thành phố Đà Nẵng",Phường Nại Hiên Đông,Quận Sơn Trà,60.0,60.0,60.0,0,16.097841,108.224539
1,1,2022-10-14,Đường Nại Hiên Đông 1 (Từ số nhà 01 đến 49 Nại Hiên Đông 1),"1 Nại Hiên Đông 1, Phường Nại Hiên Đông, Quận Sơn Trà, Thành phố Đà Nẵng",Phường Nại Hiên Đông,Quận Sơn Trà,80.0,80.0,80.0,0,16.094848,108.228745
1,1,2022-10-14,Đường Hồ Học Lãm (Toàn bộ tuyến đường),"1 Hồ Học Lâm, Phường Mân Thái, Quận Sơn Trà, Thành phố Đà Nẵng",Phường Mân Thái,Quận Sơn Trà,60.0,60.0,60.0,0,16.091714,108.245848
1,1,2022-10-14,Đường Lê Bôi nối dài (Toàn bộ tuyến đường),"1 Lê Bôi Nối Dài, Phường Mân Thái, Quận Sơn Trà, Thành phố Đà Nẵng",Phường Mân Thái,Quận Sơn Trà,50.0,50.0,50.0,0,16.08467,108.247703
1,1,2022-10-14,Đường Mỹ Khê 6 (Từ số nhà 01 đến 36),"1 Mỹ Khê 6, Phường Phước Mỹ, Quận Sơn Trà, Thành phố Đà Nẵng",Phường An Hải Đông,Quận Sơn Trà,50.0,50.0,50.0,0,16.064611,108.240637
1,1,2022-10-14,Đường Phước Trường 07 (Từ số 01 đến 15),"1 Phước Trường 7, Phường Phước Mỹ, Quận Sơn Trà, Thành phố Đà Nẵng",Phường Mân Thái,Quận Sơn Trà,50.0,50.0,50.0,0,16.083554,108.244274
1,1,2022-10-14,Đường Mỹ Khê 5 (Toàn bộ tuyến đường),"1 Mỹ Khê 5, Phường Phước Mỹ, Quận Sơn Trà, Thành phố Đà Nẵng",Phường An Hải Đông,Quận Sơn Trà,50.0,50.0,50.0,0,16.057613,108.243115
1,1,2022-10-14,Đường Nguyễn Thị Định (Từ số nhà 90 đến 123),"90 Nguyễn Thị Định, Phường An Hải Bắc, Quận Sơn Trà, Thành phố Đà Nẵng",Phường An Hải Bắc,Quận Sơn Trà,100.0,100.0,100.0,0,16.081945,108.231462
1,1,2022-10-14,K02 Nguyễn Thế Lộc (Từ số nhà 10 đến 20),"10 Nguyễn Thế Lộc, Phường An Hải Bắc, Quận Sơn Trà, Thành phố Đà Nẵng",Phường An Hải Bắc,Quận Sơn Trà,150.0,150.0,150.0,0,16.078618,108.230382
1,1,2022-10-14,Đường Võ Nguyên Giáp (Từ số nhà 06 đến số nhà 428),"6 Võ Nguyên Giáp, Phường Khuê Mỹ, Quận Ngũ Hành Sơn, Thành phố Đà Nẵng",Phường Khuê Mỹ,Quận Ngũ Hành Sơn,30.0,30.0,30.0,0,16.038375,108.249452
1,1,2022-10-14,Đường Hồ Xuân Hương (Từ số nhà 02 đến số nhà 152),"2 Hồ Xuân Hương, Phường Khuê Mỹ, Quận Ngũ Hành Sơn, Thành phố Đà Nẵng",Phường Khuê Mỹ,Quận Ngũ Hành Sơn,30.0,30.0,30.0,0,16.038304,108.243466
1,1,2022-10-14,Đường Lê Văn Hiến (Từ số nhà 440 đến số nhà 458),"440 Lê Văn Hiến, Phường Khuê Mỹ, Quận Ngũ Hành Sơn, Thành phố Đà Nẵng",Phường Khuê Mỹ,Quận Ngũ Hành Sơn,60.0,60.0,60.0,0,16.019603,108.252384
1,1,2022-10-14,Đường Chương Dương (Ngã ba Chương Dương - Trần Hữu Độ đến ngã ba Chương Dương - Mỹ An 17),"251 Chương Dương, Phường Khuê Mỹ, Quận Ngũ Hành Sơn, Thành phố Đà Nẵng",Phường Khuê Mỹ,Quận Ngũ Hành Sơn,100.0,100.0,100.0,0,16.038774,108.237227
1,1,2022-10-14,Đường Nguyễn Bá Lân (Từ số nhà 06 đến số nhà 08),"6 Nguyễn Bá Lân, Phường Mỹ An, Quận Ngũ Hành Sơn, Thành phố Đà Nẵng",Phường Khuê Mỹ,Quận Ngũ Hành Sơn,100.0,100.0,100.0,0,16.040442,108.242455
1,1,2022-10-14,Đường Mai Đăng Chơn (Từ số nhà 15 đến số nhà 20),"15 Mai Đăng Chơn, Phường Hoà Quý, Quận Ngũ Hành Sơn, Thành phố Đà Nẵng",Phường Hòa Xuân,Quận Cẩm Lệ,30.0,30.0,30.0,0,16.019734,108.23375
1,1,2022-10-14,Đường Nguyễn Đình Tứ (Toàn bộ tuyến đường),"1 Nguyễn Đình Tứ, Phường Hòa Minh, Quận Liên Chiểu, Thành phố Đà Nẵng",Phường Hòa Minh,Quận Liên Chiểu,180.0,180.0,180.0,0,16.048757,108.169891
1,1,2022-10-14,Đường Nguyễn Bính (Toàn bộ tuyến đường),"1 Nguyễn Bính, Phường Hòa Minh, Quận Liên Chiểu, Thành phố Đà Nẵng",Phường Hòa Minh,Quận Liên Chiểu,180.0,180.0,180.0,0,16.046675,108.169063
1,1,2022-10-14,Đường Tô Hiệu (Toàn bộ tuyến đường),"1 Tô Hiệu, Phường Hòa Minh, Quận Liên Chiểu, Thành phố Đà Nẵng",Phường Hòa Minh,Quận Liên Chiểu,120.0,120.0,120.0,0,16.064477,108.166875
1,1,2022-10-14,Đường Ngọc Hồi (Toàn bộ tuyến đường),"1 Ngọc Hồi, Phường Hòa Minh, Quận Liên Chiểu, Thành phố Đà Nẵng",Phường Hòa Minh,Quận Liên Chiểu,110.0,110.0,110.0,0,16.072173,108.172805
1,1,2022-10-14,Đường Nguyễn Như Hạnh (Toàn bộ tuyến đường),"2 Nguyễn Như Hạnh, Phường Hòa Minh, Quận Liên Chiểu, Thành phố Đà Nẵng",Phường Hòa Minh,Quận Liên Chiểu,200.0,200.0,200.0,0,16.066251,108.174651
1,1,2022-10-14,Đường Hoàng Minh Thảo (Từ số nhà 02 đến số nhà 86),"2 Hoàng Minh Thảo, Phường Hòa Khánh Nam, Quận Liên Chiểu, Thành phố Đà Nẵng",Phường Hòa Minh,Quận Liên Chiểu,100.0,100.0,100.0,0,16.052915,108.15943
1,1,2022-10-14,Đường Trường Sơn (Từ số nhà 242 đến Trường Quân Sự Quân Khu 5),"243 Trường Sơn, Phường Hòa An, Quận Cẩm Lệ, Thành phố Đà Nẵng",Phường Hòa Thọ Tây,Quận Cẩm Lệ,100.0,100.0,100.0,0,16.011929,108.174482
1,1,2022-10-14,Đường Tôn Đản (Từ số nhà 341 đến số nhà 423),"341 Tôn Đản, Phường Hòa An, Quận Cẩm Lệ, Thành phố Đà Nẵng",Phường Hòa An,Quận Cẩm Lệ,200.0,200.0,200.0,0,16.04789,108.181656
1,1,2022-10-14,Đường Tôn Đản (Từ số nhà 382 đến số nhà 408),"382 Tôn Đản, Phường Hòa An, Quận Cẩm Lệ, Thành phố Đà Nẵng",Phường Hòa Phát,Quận Cẩm Lệ,200.0,200.0,200.0,0,16.042005,108.183338
1,1,2022-10-14,Đường Cao Sơn Pháo (Từ số nhà 20 đến số nhà 58),"20 Cao Sơn Pháo, Phường Hòa An, Quận Cẩm Lệ, Thành phố Đà Nẵng",Phường Hòa An,Quận Cẩm Lệ,90.0,90.0,90.0,0,16.058097,108.176358
1,1,2022-10-14,Đường Thanh Lương 18 (Từ số nhà 04 đến số nhà 114),"4 Thanh Lương 18, Phường Hòa Xuân, Quận Cẩm Lệ, Thành phố Đà Nẵng",Phường Hòa Xuân,Quận Cẩm Lệ,90.0,90.0,90.0,0,16.012865,108.221938
1,1,2022-10-14,Đường Nguyễn Hiến Lê (Từ số nhà 222 đến số nhà 400),"222 Nguyễn Hiến Lê, Phường Hòa Xuân, Quận Cẩm Lệ, Thành phố Đà Nẵng",Phường Hòa Xuân,Quận Cẩm Lệ,90.0,90.0,90.0,0,16.011033,108.224981
1,1,2022-10-14,Đường Phạm Xuân Ẩn (Từ số nhà 164 đến số nhà 382),"164 Phạm Xuân ẩn, Phường Hòa Xuân, Quận Cẩm Lệ, Thành phố Đà Nẵng",Phường Hòa Xuân,Quận Cẩm Lệ,100.0,100.0,100.0,0,16.008723,108.223115
1,1,2022-10-14,Đường Bùi Thiện Ngộ (Từ số nhà 264 đến số nhà 508),"264 Bùi Thiện Ngộ, Phường Hòa Xuân, Quận Cẩm Lệ, Thành phố Đà Nẵng",Phường Khuê Trung,Quận Cẩm Lệ,90.0,90.0,90.0,0,16.011906,108.21782
1,1,2022-10-14,Đường Diệp Minh Châu (Từ số nhà 01 đến số nhà 111),"1 Diệp Minh Châu, Phường Hòa Xuân, Quận Cẩm Lệ, Thành phố Đà Nẵng",Phường Hòa Xuân,Quận Cẩm Lệ,90.0,90.0,90.0,0,16.00575,108.224618
1,1,2022-10-14,Đường Hồ Phi Tích (Từ số nhà 11 đến số nhà 139),"11 Hồ Phi Tích, Phường Hòa Xuân, Quận Cẩm Lệ, Thành phố Đà Nẵng",Phường Hòa Xuân,Quận Cẩm Lệ,90.0,90.0,90.0,0,16.016182,108.232739
1,1,2022-10-14,Đường 29/3 (Từ số nhà 420 đến số nhà 574),"420 Đường 19/3, Phường Hòa Xuân, Quận Cẩm Lệ, Thành phố Đà Nẵng",Phường Khuê Trung,Quận Cẩm Lệ,100.0,100.0,100.0,0,16.008605,108.216194
1,1,2022-10-14,Đường Vũ Lăng (Từ số nhà 10 đến số nhà 116),"10 Vũ Lăng, Phường Hòa Phát, Quận Cẩm Lệ, Thành phố Đà Nẵng",Phường Hòa Phát,Quận Cẩm Lệ,50.0,50.0,50.0,0,16.027844,108.189637
1,1,2022-10-14,Đường Tôn Đản (Từ số nhà 634 đến số nhà 904),"634 Tôn Đản, Phường Hòa Phát, Quận Cẩm Lệ, Thành phố Đà Nẵng",Phường Hòa Phát,Quận Cẩm Lệ,100.0,100.0,100.0,0,16.035159,108.184479
1,1,2022-10-14,Đường Vũ Lăng (Từ số nhà 41 đến số nhà 55),"41 Vũ Lăng, Phường Hòa Phát, Quận Cẩm Lệ, Thành phố Đà Nẵng",Phường Hòa Phát,Quận Cẩm Lệ,100.0,100.0,100.0,0,16.026889,108.188844
1,1,2022-10-14,Đường Tôn Đản (Từ số nhà 889 đến số nhà 891),"889 Tôn Đản, Phường Hòa Phát, Quận Cẩm Lệ, Thành phố Đà Nẵng",Phường Hòa Phát,Quận Cẩm Lệ,50.0,50.0,50.0,0,16.028966,108.186217
1,1,2022-10-14,Đường Nguyễn Hữu Thọ - Phan Đăng Lưu (Từ số nhà 300 đến số nhà 312),"300 Nguyễn Hữu Thọ, Phường Khuê Trung, Quận Cẩm Lệ, Thành phố Đà Nẵng",Phường Khuê Trung,Quận Cẩm Lệ,40.0,40.0,40.0,0,16.036302,108.209578
1,1,2022-10-14,Đường Lương Định Của (Từ số nhà 36 đến số nhà 48),"36 Lương Định Của, Phường Khuê Trung, Quận Cẩm Lệ, Thành phố Đà Nẵng",Phường Khuê Trung,Quận Cẩm Lệ,50.0,50.0,50.0,0,16.015747,108.209209
1,1,2022-10-14,Đường Trần Phước Thành (Từ số nhà 56 đến số nhà 86),"56 Trần Phước Thành, Phường Khuê Trung, Quận Cẩm Lệ, Thành phố Đà Nẵng",Phường Khuê Trung,Quận Cẩm Lệ,30.0,30.0,30.0,0,16.024204,108.212221
1,1,2022-10-14,Đường Huỳnh Tấn Phát (Từ số nhà 100 đến số 110),"100 Huỳnh Tấn Phát, Phường Khuê Trung, Quận Cẩm Lệ, Thành phố Đà Nẵng",Phường Khuê Trung,Quận Cẩm Lệ,40.0,40.0,40.0,0,16.03528,108.214264
1,1,2022-10-14,Đường Dương Quảng Hàm (Từ số nhà 56 đến số nhà 80),"56 Dương Quảng Hàm, Phường Khuê Trung, Quận Cẩm Lệ, Thành phố Đà Nẵng",Phường Khuê Trung,Quận Cẩm Lệ,40.0,40.0,40.0,0,16.034136,108.213841
1,1,2022-10-14,Đường Phạm Sư Mạnh (Từ số nhà 60 đến số nhà 80),"60 Phạm Sư Mạnh, Phường Khuê Trung, Quận Cẩm Lệ, Thành phố Đà Nẵng",Phường Hòa Thọ Đông,Quận Cẩm Lệ,50.0,50.0,50.0,0,16.023608,108.206777
1,1,2022-10-14,Đường Hà Tông Quyền (Từ số nhà 01 đến số nhà 33),"1 Hà Tông Quyền, Phường Khuê Trung, Quận Cẩm Lệ, Thành phố Đà Nẵng",Phường Hòa Thọ Đông,Quận Cẩm Lệ,30.0,30.0,30.0,0,16.019923,108.206825
1,1,2022-10-14,Đường Phước Hoà 2 (Từ số nhà 31 đến số nhà 45),"31 Phước Hòa 2, Phường Khuê Trung, Quận Cẩm Lệ, Thành phố Đà Nẵng",Phường Hòa Thọ Đông,Quận Cẩm Lệ,50.0,50.0,50.0,0,16.023109,108.20209
1,1,2022-10-14,Đường Phước Hoà 4 (Từ số nhà 34 đến số nhà 50),"34 Phước Hòa 4, Phường Khuê Trung, Quận Cẩm Lệ, Thành phố Đà Nẵng",Phường Hòa Thọ Đông,Quận Cẩm Lệ,40.0,40.0,40.0,0,16.020957,108.203383
1,1,2022-10-14,Đường Bình Hoà 15 (Từ số nhà 01 đến số nhà 36),"1 Bình Hòa 15, Phường Khuê Trung, Quận Cẩm Lệ, Thành phố Đà Nẵng",Phường Khuê Trung,Quận Cẩm Lệ,30.0,30.0,30.0,0,16.018531,108.212618
1,1,2022-10-14,Đường Phạm Phú Tiết (Từ số nhà 15 đến số nhà 55),"15 Phạm Phú Tiết, Phường Khuê Trung, Quận Cẩm Lệ, Thành phố Đà Nẵng",Phường Khuê Trung,Quận Cẩm Lệ,30.0,30.0,30.0,0,16.032636,108.208222
1,1,2022-10-14,Đường Trừ Văn Thố (Từ số nhà 03 đến số nhà 59),"03 Trừ Văn Thố, Phường Khuê Trung, Quận Cẩm Lệ, Thành phố Đà Nẵng",Phường Hòa Thọ Đông,Quận Cẩm Lệ,40.0,40.0,40.0,0,16.009926,108.193609
1,1,2022-10-14,Đường Trần Văn Lan (Toàn bộ tuyến đường),"2 Trần Văn Lan, Phường Hòa Thọ Đông, Quận Cẩm Lệ, Thành phố Đà Nẵng",Phường Hòa Thọ Đông,Quận Cẩm Lệ,40.0,40.0,40.0,0,16.007351,108.195342
1,1,2022-10-14,Đường Nguyễn Nhàn (Từ số nhà 05 đến số nhà 113),"5 Nguyễn Nhàn, Phường Hòa Thọ Đông, Quận Cẩm Lệ, Thành phố Đà Nẵng",Phường Hòa Thọ Đông,Quận Cẩm Lệ,250.0,250.0,250.0,0,16.011007,108.195483
1,1,2022-10-14,Đường Nguyễn Phước Tần (Từ số nhà 150 đến số nhà 182),"150 Nguyễn Phước Tần, Phường Hòa Thọ Đông, Quận Cẩm Lệ, Thành phố Đà Nẵng",Phường Hòa Thọ Đông,Quận Cẩm Lệ,200.0,200.0,200.0,0,16.01668,108.198518
1,1,2022-10-14,Đường Bàu Gia Thượng 4 (Từ số nhà 17 đến số nhà 33),"17 Bàu Gia Thượng 4, Phường Hòa Thọ Đông, Quận Cẩm Lệ, Thành phố Đà Nẵng",Phường Hòa Thọ Đông,Quận Cẩm Lệ,100.0,100.0,100.0,0,16.015506,108.199074
1,1,2022-10-14,Đường Cách Mạng Tháng 8 (Từ số nhà 442 đến số nhà 522),"442 Cách Mạng Tháng Tám, Phường Hòa Thọ Đông, Quận Cẩm Lệ, Thành phố Đà Nẵng",Phường Hòa Thọ Đông,Quận Cẩm Lệ,200.0,200.0,200.0,0,16.014182,108.198512
1,1,2022-10-14,Đường Lê Kim Lăng (Từ số nhà 187 đến số nhà 211),"187 Lê Kim Lăng, Phường Hòa Thọ Đông, Quận Cẩm Lệ, Thành phố Đà Nẵng",Phường Hòa Thọ Đông,Quận Cẩm Lệ,100.0,100.0,100.0,0,16.017234,108.200893
1,1,2022-10-14,Lê Thanh Nghị - Xô Viết Nghệ Tĩnh (Đoạn ngã tư),"41 Xô Viết Nghệ Tĩnh, Hoà Cường Nam, Hải Châu, Đà Nẵng, Việt Nam",Phường Hòa Cường Nam,Quận Hải Châu,50.0,50.0,50.0,0,16.032312,108.218704
1,1,2022-10-14,Nguyễn Xuân Nhĩ – Thăng Long (Đoạn ngã ba),"162 Thăng Long, Hoà Cường Nam, Hải Châu, Đà Nẵng, Việt Nam",Phường Hòa Cường Nam,Quận Hải Châu,50.0,50.0,50.0,0,16.02923,108.226875
1,1,2022-10-14,Lê Thanh Nghị - CMT8 (Đoạn ngã tư),"Đường Lê Thanh Nghị, Phường Hòa Cường Nam, Quận Hải Châu, Đà Nẵng, Việt Nam",Phường Hòa Cường Nam,Quận Hải Châu,50.0,50.0,50.0,0,16.026253,108.220963
1,1,2022-10-14,Ngã 03 Chu Văn An – Phan Chu Trinh (Đoạn ngã ba),"357 Phan Châu Trinh, Bình Hiên, Hải Châu, Đà Nẵng 550000, Việt Nam",Phường Bình Hiên,Quận Hải Châu,50.0,50.0,50.0,0,16.05703,108.218826
1,1,2022-10-14,Hải Phòng- Ông Ích Khiêm (Đoạn ngã 4),"21/21 Ông Ích Khiêm, Hải Châu, Đà Nẵng, Việt Nam",Phường Tân Chính,Quận Thanh Khê,100.0,100.0,100.0,0,16.071714,108.213158
1,1,2022-10-14,Đường 2/9 (Toàn bộ tuyến đường),"2 Đ. 2 Tháng 9, Bình Hiên, Hải Châu, Đà Nẵng 550000, Việt Nam",Phường Phước Ninh,Quận Hải Châu,50.0,50.0,50.0,0,16.060904,108.223763
1,1,2022-10-14,"Kiệt: 21, đường Nguyễn Văn Huề, tổ 20,26,27, Thanh Khê Tây (Tổ 20, 26,27 Thanh Khê Tây)","21 Nguyễn Văn Huề, Hoà Minh, Thanh Khê, Đà Nẵng 550000, Việt Nam",Phường Thanh Khê Tây,Quận Thanh Khê,126.0,126.0,126.0,0,16.068966,108.176208
1,1,2022-10-14,"Kiệt: 126, đường Dũng Sỹ Thanh Khê, tổ 32, Thanh Khê Tây (126, đường Dũng Sỹ Thanh Khê)","128 Đ. Dũng Sĩ Thanh Khê, Thanh Khê Tây, Thanh Khê, Đà Nẵng, Việt Nam",Phường Thanh Khê Tây,Quận Thanh Khê,45.0,45.0,45.0,0,16.073595,108.177376
1,1,2022-10-14,Kiệt 142 Điện Biên Phủ (142/5 - 142/86 Điện Biên Phủ),"26 K 142 Điện Biên Phủ, Chính Gián, Thanh Khê, Đà Nẵng 550000, Việt Nam",Phường Chính Gián,Quận Thanh Khê,10.0,10.0,10.0,0,16.066061,108.198471
1,1,2022-10-14,Kiệt 304 Điện Biên Phủ (Toàn bộ kiệt),"322 Điện Biên Phủ, Chính Gián, Thanh Khê, Đà Nẵng 550000, Việt Nam",Phường Chính Gián,Quận Thanh Khê,50.0,50.0,50.0,0,16.06654,108.193535
1,1,2022-10-14,Kiệt 104 Lê Độ (Toàn bộ kiệt),"104 Lê Độ, Phường Chính Gián, Quận Thanh Khê, Thành Phố Đà Nẵng, Chính Gián, Thanh Khê, Đà Nẵng 550000, Việt Nam",Phường Chính Gián,Quận Thanh Khê,50.0,50.0,50.0,0,16.067932,108.201645
1,1,2022-10-14,"Kiệt 96 Điện Biên Phủ, Tổ 42, 43 P.Chính Gián (96/81 - 96/123 Điện Biên Phủ)","82 Điện Biên Phủ, Chính Gián, Quận Thanh Khê, Đà Nẵng, Việt Nam",Phường Chính Gián,Quận Thanh Khê,140.0,140.0,140.0,0,16.065918,108.200386
1,1,2022-10-14,"Kiệt 18 Tôn Thất Tùng, tổ 38 P.Vĩnh Trung (K18/02 - K18/14 Tôn Thất Tùng)","19 Tôn Thất Tùng, Vĩnh Trung, Thanh Khê, Đà Nẵng 550000, Việt Nam",Phường Vĩnh Trung,Quận Thanh Khê,80.0,80.0,80.0,0,16.058088,108.212723
1,1,2022-10-14,Ngã giao Lê Văn Duyên -Khúc Thừa Dụ (),"Đường Khúc Thừa Dụ, Phường Nại Hiên Đông, Quận Sơn Trà, Đà Nẵng, Việt Nam",Phường Nại Hiên Đông,Quận Sơn Trà,40.0,40.0,40.0,0,16.095833,108.224464
1,1,2022-10-14,Ngã tư Nhơn Hoà 3 – Hoàng Tăng Bí (Khu vực giao nhau Nhơn Hoà 3 và Hoàng Tăng Bí),"48 Nhơn Hòa 3, Hoà An, Cẩm Lệ, Đà Nẵng, Việt Nam",Phường Hòa An,Quận Cẩm Lệ,50.0,50.0,50.0,0,16.050447,108.172592
1,1,2022-10-14,Ngã tư Bắc Sơn – Nguyễn Đình Tứ (Khu vực giao nhau Bắc Sơn và Nguyễn Đình Tứ),"46 Nguyễn Đình Tứ, Hoà An, Cẩm Lệ, Đà Nẵng, Việt Nam",Phường Hòa An,Quận Cẩm Lệ,250.0,250.0,250.0,0,16.050434,108.178291
1,1,2022-10-14,Ngã tư Đinh Liệt – Nguyễn Đình Tứ (Khu vực giao nhau Đinh Liệt và Nguyễn Đình Tứ),"119 Nguyễn Đình Tứ, Hoà An, Cẩm Lệ, Đà Nẵng 550000, Vietnam",Phường Hòa An,Quận Cẩm Lệ,100.0,100.0,100.0,0,16.049305,108.174515
1,1,2022-10-14,Ngã tư Vũ Trọng Hoàng – Nguyễn Văn Tạo (Khu vực giao nhau Vũ Trọng Hoàng và Nguyễn Văn Tạo),"Nguyễn Văn Tạo, Hòa An, Cẩm Lệ, Đà Nẵng, Việt Nam",Phường Hòa An,Quận Cẩm Lệ,100.0,100.0,100.0,0,16.055584,108.174133
1,1,2022-10-14,Kiệt 664 Trưng Nữ Vương (Toàn bộ kiệt),"664/31 Trưng Nữ Vương, Hòa Thuận Tây, Hải Châu, Đà Nẵng, Việt Nam",Phường Hòa Thuận Tây,Quận Hải Châu,100.0,100.0,100.0,0,16.042747,108.206451
1,1,2022-10-14,"Kiệt 241, Nguyễn Phước Nguyên, Tổ 52, An Khê (Kiệt 241, Nguyễn Phước Nguyên, Tổ 52, An Khê)","239 Nguyễn Phước Nguyên, Hòa Khê, Thanh Khê, Đà Nẵng 550000, Việt Nam",Phường An Khê,Quận Thanh Khê,50.0,50.0,50.0,0,16.054958,108.183167
1,1,2022-10-14,"Kiệt 385, Đường Nguyễn Văn Linh, tổ (thôn) 47, 48, 55; phường Thạc Gián (Từ số nhà 385/2 đến số nhà 385/56, đường Nguyễn Văn Linh)","292 Nguyễn Văn Linh, Thạc Gián, Hải Châu, Đà Nẵng 550000, Việt Nam",Phường Thạc Gián,Quận Thanh Khê,50.0,50.0,50.0,0,16.059013,108.207359
1,1,2022-10-14,"Kiệt 379 Trần Cao Vân, tổ 26 P.Xuân Hà (Từ 379/68 đến 379/102 Trần Cao Vân)","391/1 Trần Cao Vân, Xuân Hà, Thanh Khê, Đà Nẵng 550000, Vietnam",Phường Xuân Hà,Quận Thanh Khê,150.0,150.0,150.0,0,16.07093,108.195328
1,1,2022-10-14,"Kiệt 246 Trần Cao Vân, Tổ 13, 18 P.Tam Thuận (từ 246/01 - K246/67)","248 Trần Cao Vân, Tam Thuận, Thanh Khê, Đà Nẵng, Việt Nam",Phường Tam Thuận,Quận Thanh Khê,150.0,150.0,150.0,0,16.071878,108.205376
1,1,2022-10-14,"Kiệt 159 Yên Khê 2, tổ 39, 40 P.Thanh Khê Đông (Số nhà K159 Yên Khê 2 đến giáp K814/79 Trần Cao Vân)","159 Yên Khê 2, Thanh Khê Đông, Thanh Khê, Đà Nẵng, Vietnam",Phường Thanh Khê Đông,Quận Thanh Khê,100.0,100.0,100.0,0,16.071918,108.182014
1,1,2022-10-14,324 Hà Huy Tập (Khoảng 200 m),"324 Hà Huy Tập, Hòa Khê, Thanh Khê, Đà Nẵng 550000, Vietnam",Phường Hòa Khê,Quận Thanh Khê,150.0,150.0,150.0,0,16.059656,108.186569
1,1,2022-10-14,180 Hà Huy Tập (Khoảng 200 m),"180 Hà Huy Tập, Hòa Khê, Thanh Khê, Đà Nẵng 550000, Việt Nam",Phường Hòa Khê,Quận Thanh Khê,100.0,100.0,100.0,0,16.062662,108.191826
1,1,2022-10-14,212 Hà Huy Tập (Khoảng 100m),"212 Hà Huy Tập, Hòa Khê, Thanh Khê, Đà Nẵng, Việt Nam",Phường Hòa Khê,Quận Thanh Khê,100.0,100.0,100.0,0,16.061562,108.191345
1,1,2022-10-14,Đường Trần Quang Khải (K139/01 đến K139/59 Trần Quang Khải),"139 Trần Quang Khải, Thọ Quang, Sơn Trà, Đà Nẵng, Việt Nam",Phường Thọ Quang,Quận Sơn Trà,100.0,100.0,100.0,0,16.10248,108.250374
1,1,2022-10-14,Đường Trần Quang Khải (K43/01 đến K43/51 Trần Quang Khải),"88 Trần Quang Khải, Thọ Quang, Sơn Trà, Đà Nẵng, Việt Nam",Phường Thọ Quang,Quận Sơn Trà,130.0,130.0,130.0,0,16.104589,108.251991
1,1,2022-10-14,K259 Ngô Quyền (K259/5 đến K259/33 Ngô Quyền),"167 Ngô Quyền, Mân Thái, Sơn Trà, Đà Nẵng, Việt Nam",Phường Mân Thái,Quận Sơn Trà,100.0,100.0,100.0,0,16.089127,108.242416
1,1,2022-10-14,K46 Trương Định (K46/01 đến K46/23 Trương Định),"48 Trương Định, Mân Thái, Sơn Trà, Đà Nẵng, Việt Nam",Phường Mân Thái,Quận Sơn Trà,50.0,50.0,50.0,0,16.08942,108.24408
1,1,2022-10-14,K54 Nguyễn Công Trứ (Từ K54/H06/01 đến K54/H06/33),"K54, 51 Nguyễn Công Trứ, An Hải Trung, Sơn Trà, Đà Nẵng 550000, Vietnam",Phường An Hải Bắc,Quận Sơn Trà,120.0,120.0,120.0,0,16.066463,108.230476
1,1,2022-10-14,K03 Hà Thị Thân (Toàn bộ kiệt),"366J+8P7, An Hải, Sơn Trà, Đà Nẵng, Việt Nam",Phường An Hải Tây,Quận Sơn Trà,50.0,50.0,50.0,0,16.060883,108.231583
1,1,2022-10-14,K20 Hà Thị Thân (Toàn bộ kiệt),"17/2 Hà Thị Thân, An Hải, Phường An Hải Tây, Quận Sơn Trà, Đà Nẵng, Việt Nam",Phường An Hải Tây,Quận Sơn Trà,50.0,50.0,50.0,0,16.058777,108.231758
1,1,2022-10-14,K211 Nguyễn Văn Thoại (K211/01 đến K211/105),"12 K 211 Nguyễn Văn Thoại, Phước Mỹ, Sơn Trà, Đà Nẵng 550000, Việt Nam",Phường An Hải Đông,Quận Sơn Trà,50.0,50.0,50.0,0,16.055689,108.244148
1,1,2022-10-14,K39 Võ Văn Kiệt (K39/01 đến K39/101),"37 Võ Văn Kiệt, Phước Mỹ, Sơn Trà, Đà Nẵng 550000, Việt Nam",Phường An Hải Đông,Quận Sơn Trà,120.0,120.0,120.0,0,16.063423,108.243988
1,1,2022-10-14,K02 Đinh Thị Hòa (Toàn bộ kiệt),"K02 Đinh Thị Hòa, An Hải Bắc, Sơn Trà, Đà Nẵng, Việt Nam",Phường An Hải Bắc,Quận Sơn Trà,100.0,100.0,100.0,0,16.074423,108.238724
1,1,2022-10-14,K70 Bùi Tá Hán (K70/83 đến K70/115),"K70, 17 Bùi Tá Hán, Khuê Mỹ, Ngũ Hành Sơn, Đà Nẵng, Vietnam",Phường Khuê Mỹ,Quận Ngũ Hành Sơn,30.0,30.0,30.0,0,16.031881,108.242973
1,1,2022-10-14,K02 Nguyễn Chánh (Toàn bộ kiệt),"2 Đường Nguyễn Chánh, Phường Hòa Khánh Bắc, Quận Liên Chiểu, Đà Nẵng, Việt Nam",Phường Hòa Khánh Bắc,Quận Liên Chiểu,100.0,100.0,100.0,0,16.081778,108.146843
1,1,2022-10-14,K19 Bùi Chát (Toàn bộ kiệt),"34 Bùi Chát, Hoà Khánh Bắc, Liên Chiểu, Đà Nẵng, Việt Nam",Phường Hòa Hiệp Nam,Quận Liên Chiểu,100.0,100.0,100.0,0,16.084652,108.142342
1,1,2022-10-14,K455 Nguyễn Lương Bằng (K455/01 đến K455/31),"455 Đường Nguyễn Lương Bằng, Phường Hòa Khánh Bắc, Quận Liên Chiểu, Đà Nẵng, Việt Nam",Phường Hòa Hiệp Nam,Quận Liên Chiểu,100.0,100.0,100.0,0,16.088053,108.143677
1,1,2022-10-14,K45 Hoàng Văn Thái (K45/09 đến K45/13),"47 Hoàng Văn Thái, Hoà Minh, Liên Chiểu, Đà Nẵng 550000, Vietnam",Phường Hòa Minh,Quận Liên Chiểu,300.0,300.0,300.0,0,16.055168,108.163689
1,1,2022-10-14,K12 đường Trường Sơn (Từ số nhà 08 đến số nhà 12),"12 Trường Sơn, Hòa Thọ Tây, Cẩm Lệ, Đà Nẵng, Việt Nam",Phường Hòa Thọ Tây,Quận Cẩm Lệ,100.0,100.0,100.0,0,16.011562,108.18557
1,1,2022-10-14,Ngã ba Cầu Đỏ Tuý Loan – Đường số 03 KCN Hòa Cầm (Từ Cầu Đỏ Tuý Loan– Đường số 03 KCN Hòa Cầm đến UBND phường Hoà Thọ Tây),"252M+3R5, Đ. Nguyễn Như Đỗ, Hoà Thọ Tây, Cẩm Lệ, Đà Nẵng, Vietnam",Phường Hòa Thọ Tây,Quận Cẩm Lệ,70.0,70.0,70.0,0,16.000231,108.184494
1,1,2022-10-14,"Kiệt 606 Trường Chinh – Kiệt 483/25/25 Tôn Đản, Hoà An (Từ kiệt 606 Trường Chinh đến kiệt 483/25/25 Tôn Đản, Hoà An)","606 Trường Chinh, Hoà Phát, Cẩm Lệ, Đà Nẵng, Vietnam",Phường Hòa Phát,Quận Cẩm Lệ,150.0,150.0,150.0,0,16.042099,108.185074
1,1,2022-10-14,Kiệt 904 Trường Chinh (Từ số nhà K904/07 đến Trường THCS Thái Thị Bôi),"25MQ+26F, Hoà Phát, Cẩm Lệ, Đà Nẵng, Việt Nam",Phường Hòa Phát,Quận Cẩm Lệ,50.0,50.0,50.0,0,16.032473,108.187881
1,1,2022-10-14,Kiệt 1120 Trường Chinh (Từ số nhà 1120/48 Trường Chinh đến đường Tôn Đản dài 400m),"1120/59 Trường Chinh, Hoà Phát, Cẩm Lệ, Đà Nẵng 550000, Việt Nam",Phường Hòa Thọ Đông,Quận Cẩm Lệ,50.0,50.0,50.0,0,16.021599,108.191315
1,1,2022-10-14,Kiệt 500 đường Tôn Đản (Từ số nhà K500/34 –K500/60),"500 Đ Tôn Đản, Hoà Phát, Cẩm Lệ, Đà Nẵng, Việt Nam",Phường Hòa Phát,Quận Cẩm Lệ,130.0,130.0,130.0,0,16.040617,108.182671
1,1,2022-10-14,Kiệt 29 Trần Ngọc Sương (Toàn bộ kiệt),"254V+CC7, Trần Ngọc Sương, Hòa Thọ Đông, Cẩm Lệ, Đà Nẵng 550000, Vietnam",Phường Hòa Thọ Đông,Quận Cẩm Lệ,100.0,100.0,100.0,0,16.00606,108.193481
1,1,2022-10-14,Đường Đàm Quang Trung kéo dài (Dài 2 km dọc bờ sông Cu Đê),"446H+72M, Nam Ô 1, Liên Chiểu, Đà Nẵng, Vietnam",Phường Hòa Hiệp Nam,Quận Liên Chiểu,150.0,150.0,150.0,0,16.110571,108.127075
1,1,2022-10-14,"Khu vực nhà sinh hoạt cộng đồng, đình làng Xuân Dương (20 m (trước nhà sinh hoạt cộng đồng, đình làng Xuân Dương)","448G+FV2, Nam Ô 1, Liên Chiểu, Đà Nẵng, Việt Nam",Phường Hòa Hiệp Nam,Quận Liên Chiểu,120.0,120.0,120.0,0,16.116129,108.127136
1,1,2022-10-14,Đường Nguyễn Duy Trinh (Ngã tư Nguyễn Duy Trinh - Nguyễn Thức Đường đến ngã tư Nguyễn Duy Trinh - Võ Quý Huân),"Đường Nguyễn Duy Trinh, Hoà Hải, Ngũ Hành Sơn, Đà Nẵng 550000, Vietnam",Phường Hòa Hải,Quận Ngũ Hành Sơn,50.0,50.0,50.0,0,15.992708,108.266106
1,1,2022-10-14,Đường Minh Mạng (Ngã tư Minh Mạng - Lê Văn Hiến đến ngã ba Minh Mạng - Võ Chí Công),"Minh Mạng, Phường Khuê Mỹ, Quận Ngũ Hành Sơn, Đà Nẵng, Việt Nam",Phường Hòa Quý,Quận Ngũ Hành Sơn,50.0,50.0,50.0,0,16.015955,108.254272
